[
{
  "model": "auth.permission",
  "pk": 1,
  "fields": {
    "name": "Can add permission",
    "content_type": 1,
    "codename": "add_permission"
  }
},
{
  "model": "auth.permission",
  "pk": 2,
  "fields": {
    "name": "Can change permission",
    "content_type": 1,
    "codename": "change_permission"
  }
},
{
  "model": "auth.permission",
  "pk": 3,
  "fields": {
    "name": "Can delete permission",
    "content_type": 1,
    "codename": "delete_permission"
  }
},
{
  "model": "auth.permission",
  "pk": 4,
  "fields": {
    "name": "Can view permission",
    "content_type": 1,
    "codename": "view_permission"
  }
},
{
  "model": "auth.permission",
  "pk": 5,
  "fields": {
    "name": "Can add group",
    "content_type": 2,
    "codename": "add_group"
  }
},
{
  "model": "auth.permission",
  "pk": 6,
  "fields": {
    "name": "Can change group",
    "content_type": 2,
    "codename": "change_group"
  }
},
{
  "model": "auth.permission",
  "pk": 7,
  "fields": {
    "name": "Can delete group",
    "content_type": 2,
    "codename": "delete_group"
  }
},
{
  "model": "auth.permission",
  "pk": 8,
  "fields": {
    "name": "Can view group",
    "content_type": 2,
    "codename": "view_group"
  }
},
{
  "model": "auth.permission",
  "pk": 9,
  "fields": {
    "name": "Can add content type",
    "content_type": 3,
    "codename": "add_contenttype"
  }
},
{
  "model": "auth.permission",
  "pk": 10,
  "fields": {
    "name": "Can change content type",
    "content_type": 3,
    "codename": "change_contenttype"
  }
},
{
  "model": "auth.permission",
  "pk": 11,
  "fields": {
    "name": "Can delete content type",
    "content_type": 3,
    "codename": "delete_contenttype"
  }
},
{
  "model": "auth.permission",
  "pk": 12,
  "fields": {
    "name": "Can view content type",
    "content_type": 3,
    "codename": "view_contenttype"
  }
},
{
  "model": "auth.permission",
  "pk": 13,
  "fields": {
    "name": "Can add session",
    "content_type": 4,
    "codename": "add_session"
  }
},
{
  "model": "auth.permission",
  "pk": 14,
  "fields": {
    "name": "Can change session",
    "content_type": 4,
    "codename": "change_session"
  }
},
{
  "model": "auth.permission",
  "pk": 15,
  "fields": {
    "name": "Can delete session",
    "content_type": 4,
    "codename": "delete_session"
  }
},
{
  "model": "auth.permission",
  "pk": 16,
  "fields": {
    "name": "Can view session",
    "content_type": 4,
    "codename": "view_session"
  }
},
{
  "model": "auth.permission",
  "pk": 17,
  "fields": {
    "name": "Can add site",
    "content_type": 5,
    "codename": "add_site"
  }
},
{
  "model": "auth.permission",
  "pk": 18,
  "fields": {
    "name": "Can change site",
    "content_type": 5,
    "codename": "change_site"
  }
},
{
  "model": "auth.permission",
  "pk": 19,
  "fields": {
    "name": "Can delete site",
    "content_type": 5,
    "codename": "delete_site"
  }
},
{
  "model": "auth.permission",
  "pk": 20,
  "fields": {
    "name": "Can view site",
    "content_type": 5,
    "codename": "view_site"
  }
},
{
  "model": "auth.permission",
  "pk": 21,
  "fields": {
    "name": "Can add log entry",
    "content_type": 6,
    "codename": "add_logentry"
  }
},
{
  "model": "auth.permission",
  "pk": 22,
  "fields": {
    "name": "Can change log entry",
    "content_type": 6,
    "codename": "change_logentry"
  }
},
{
  "model": "auth.permission",
  "pk": 23,
  "fields": {
    "name": "Can delete log entry",
    "content_type": 6,
    "codename": "delete_logentry"
  }
},
{
  "model": "auth.permission",
  "pk": 24,
  "fields": {
    "name": "Can view log entry",
    "content_type": 6,
    "codename": "view_logentry"
  }
},
{
  "model": "auth.permission",
  "pk": 25,
  "fields": {
    "name": "Can add email address",
    "content_type": 7,
    "codename": "add_emailaddress"
  }
},
{
  "model": "auth.permission",
  "pk": 26,
  "fields": {
    "name": "Can change email address",
    "content_type": 7,
    "codename": "change_emailaddress"
  }
},
{
  "model": "auth.permission",
  "pk": 27,
  "fields": {
    "name": "Can delete email address",
    "content_type": 7,
    "codename": "delete_emailaddress"
  }
},
{
  "model": "auth.permission",
  "pk": 28,
  "fields": {
    "name": "Can view email address",
    "content_type": 7,
    "codename": "view_emailaddress"
  }
},
{
  "model": "auth.permission",
  "pk": 29,
  "fields": {
    "name": "Can add email confirmation",
    "content_type": 8,
    "codename": "add_emailconfirmation"
  }
},
{
  "model": "auth.permission",
  "pk": 30,
  "fields": {
    "name": "Can change email confirmation",
    "content_type": 8,
    "codename": "change_emailconfirmation"
  }
},
{
  "model": "auth.permission",
  "pk": 31,
  "fields": {
    "name": "Can delete email confirmation",
    "content_type": 8,
    "codename": "delete_emailconfirmation"
  }
},
{
  "model": "auth.permission",
  "pk": 32,
  "fields": {
    "name": "Can view email confirmation",
    "content_type": 8,
    "codename": "view_emailconfirmation"
  }
},
{
  "model": "auth.permission",
  "pk": 33,
  "fields": {
    "name": "Can add authenticator",
    "content_type": 9,
    "codename": "add_authenticator"
  }
},
{
  "model": "auth.permission",
  "pk": 34,
  "fields": {
    "name": "Can change authenticator",
    "content_type": 9,
    "codename": "change_authenticator"
  }
},
{
  "model": "auth.permission",
  "pk": 35,
  "fields": {
    "name": "Can delete authenticator",
    "content_type": 9,
    "codename": "delete_authenticator"
  }
},
{
  "model": "auth.permission",
  "pk": 36,
  "fields": {
    "name": "Can view authenticator",
    "content_type": 9,
    "codename": "view_authenticator"
  }
},
{
  "model": "auth.permission",
  "pk": 37,
  "fields": {
    "name": "Can add social account",
    "content_type": 10,
    "codename": "add_socialaccount"
  }
},
{
  "model": "auth.permission",
  "pk": 38,
  "fields": {
    "name": "Can change social account",
    "content_type": 10,
    "codename": "change_socialaccount"
  }
},
{
  "model": "auth.permission",
  "pk": 39,
  "fields": {
    "name": "Can delete social account",
    "content_type": 10,
    "codename": "delete_socialaccount"
  }
},
{
  "model": "auth.permission",
  "pk": 40,
  "fields": {
    "name": "Can view social account",
    "content_type": 10,
    "codename": "view_socialaccount"
  }
},
{
  "model": "auth.permission",
  "pk": 41,
  "fields": {
    "name": "Can add social application",
    "content_type": 11,
    "codename": "add_socialapp"
  }
},
{
  "model": "auth.permission",
  "pk": 42,
  "fields": {
    "name": "Can change social application",
    "content_type": 11,
    "codename": "change_socialapp"
  }
},
{
  "model": "auth.permission",
  "pk": 43,
  "fields": {
    "name": "Can delete social application",
    "content_type": 11,
    "codename": "delete_socialapp"
  }
},
{
  "model": "auth.permission",
  "pk": 44,
  "fields": {
    "name": "Can view social application",
    "content_type": 11,
    "codename": "view_socialapp"
  }
},
{
  "model": "auth.permission",
  "pk": 45,
  "fields": {
    "name": "Can add social application token",
    "content_type": 12,
    "codename": "add_socialtoken"
  }
},
{
  "model": "auth.permission",
  "pk": 46,
  "fields": {
    "name": "Can change social application token",
    "content_type": 12,
    "codename": "change_socialtoken"
  }
},
{
  "model": "auth.permission",
  "pk": 47,
  "fields": {
    "name": "Can delete social application token",
    "content_type": 12,
    "codename": "delete_socialtoken"
  }
},
{
  "model": "auth.permission",
  "pk": 48,
  "fields": {
    "name": "Can view social application token",
    "content_type": 12,
    "codename": "view_socialtoken"
  }
},
{
  "model": "auth.permission",
  "pk": 49,
  "fields": {
    "name": "Can add Token",
    "content_type": 13,
    "codename": "add_token"
  }
},
{
  "model": "auth.permission",
  "pk": 50,
  "fields": {
    "name": "Can change Token",
    "content_type": 13,
    "codename": "change_token"
  }
},
{
  "model": "auth.permission",
  "pk": 51,
  "fields": {
    "name": "Can delete Token",
    "content_type": 13,
    "codename": "delete_token"
  }
},
{
  "model": "auth.permission",
  "pk": 52,
  "fields": {
    "name": "Can view Token",
    "content_type": 13,
    "codename": "view_token"
  }
},
{
  "model": "auth.permission",
  "pk": 53,
  "fields": {
    "name": "Can add Token",
    "content_type": 14,
    "codename": "add_tokenproxy"
  }
},
{
  "model": "auth.permission",
  "pk": 54,
  "fields": {
    "name": "Can change Token",
    "content_type": 14,
    "codename": "change_tokenproxy"
  }
},
{
  "model": "auth.permission",
  "pk": 55,
  "fields": {
    "name": "Can delete Token",
    "content_type": 14,
    "codename": "delete_tokenproxy"
  }
},
{
  "model": "auth.permission",
  "pk": 56,
  "fields": {
    "name": "Can view Token",
    "content_type": 14,
    "codename": "view_tokenproxy"
  }
},
{
  "model": "auth.permission",
  "pk": 57,
  "fields": {
    "name": "Can add media",
    "content_type": 15,
    "codename": "add_media"
  }
},
{
  "model": "auth.permission",
  "pk": 58,
  "fields": {
    "name": "Can change media",
    "content_type": 15,
    "codename": "change_media"
  }
},
{
  "model": "auth.permission",
  "pk": 59,
  "fields": {
    "name": "Can delete media",
    "content_type": 15,
    "codename": "delete_media"
  }
},
{
  "model": "auth.permission",
  "pk": 60,
  "fields": {
    "name": "Can view media",
    "content_type": 15,
    "codename": "view_media"
  }
},
{
  "model": "auth.permission",
  "pk": 61,
  "fields": {
    "name": "Can add audio",
    "content_type": 16,
    "codename": "add_audio"
  }
},
{
  "model": "auth.permission",
  "pk": 62,
  "fields": {
    "name": "Can change audio",
    "content_type": 16,
    "codename": "change_audio"
  }
},
{
  "model": "auth.permission",
  "pk": 63,
  "fields": {
    "name": "Can delete audio",
    "content_type": 16,
    "codename": "delete_audio"
  }
},
{
  "model": "auth.permission",
  "pk": 64,
  "fields": {
    "name": "Can view audio",
    "content_type": 16,
    "codename": "view_audio"
  }
},
{
  "model": "auth.permission",
  "pk": 65,
  "fields": {
    "name": "Can add image",
    "content_type": 17,
    "codename": "add_image"
  }
},
{
  "model": "auth.permission",
  "pk": 66,
  "fields": {
    "name": "Can change image",
    "content_type": 17,
    "codename": "change_image"
  }
},
{
  "model": "auth.permission",
  "pk": 67,
  "fields": {
    "name": "Can delete image",
    "content_type": 17,
    "codename": "delete_image"
  }
},
{
  "model": "auth.permission",
  "pk": 68,
  "fields": {
    "name": "Can view image",
    "content_type": 17,
    "codename": "view_image"
  }
},
{
  "model": "auth.permission",
  "pk": 69,
  "fields": {
    "name": "Can add video",
    "content_type": 18,
    "codename": "add_video"
  }
},
{
  "model": "auth.permission",
  "pk": 70,
  "fields": {
    "name": "Can change video",
    "content_type": 18,
    "codename": "change_video"
  }
},
{
  "model": "auth.permission",
  "pk": 71,
  "fields": {
    "name": "Can delete video",
    "content_type": 18,
    "codename": "delete_video"
  }
},
{
  "model": "auth.permission",
  "pk": 72,
  "fields": {
    "name": "Can view video",
    "content_type": 18,
    "codename": "view_video"
  }
},
{
  "model": "auth.permission",
  "pk": 73,
  "fields": {
    "name": "Can add tag",
    "content_type": 19,
    "codename": "add_tag"
  }
},
{
  "model": "auth.permission",
  "pk": 74,
  "fields": {
    "name": "Can change tag",
    "content_type": 19,
    "codename": "change_tag"
  }
},
{
  "model": "auth.permission",
  "pk": 75,
  "fields": {
    "name": "Can delete tag",
    "content_type": 19,
    "codename": "delete_tag"
  }
},
{
  "model": "auth.permission",
  "pk": 76,
  "fields": {
    "name": "Can view tag",
    "content_type": 19,
    "codename": "view_tag"
  }
},
{
  "model": "auth.permission",
  "pk": 77,
  "fields": {
    "name": "Can add artist",
    "content_type": 20,
    "codename": "add_artist"
  }
},
{
  "model": "auth.permission",
  "pk": 78,
  "fields": {
    "name": "Can change artist",
    "content_type": 20,
    "codename": "change_artist"
  }
},
{
  "model": "auth.permission",
  "pk": 79,
  "fields": {
    "name": "Can delete artist",
    "content_type": 20,
    "codename": "delete_artist"
  }
},
{
  "model": "auth.permission",
  "pk": 80,
  "fields": {
    "name": "Can view artist",
    "content_type": 20,
    "codename": "view_artist"
  }
},
{
  "model": "auth.permission",
  "pk": 81,
  "fields": {
    "name": "Can add post",
    "content_type": 21,
    "codename": "add_post"
  }
},
{
  "model": "auth.permission",
  "pk": 82,
  "fields": {
    "name": "Can change post",
    "content_type": 21,
    "codename": "change_post"
  }
},
{
  "model": "auth.permission",
  "pk": 83,
  "fields": {
    "name": "Can delete post",
    "content_type": 21,
    "codename": "delete_post"
  }
},
{
  "model": "auth.permission",
  "pk": 84,
  "fields": {
    "name": "Can view post",
    "content_type": 21,
    "codename": "view_post"
  }
},
{
  "model": "auth.permission",
  "pk": 85,
  "fields": {
    "name": "Can add pool",
    "content_type": 22,
    "codename": "add_pool"
  }
},
{
  "model": "auth.permission",
  "pk": 86,
  "fields": {
    "name": "Can change pool",
    "content_type": 22,
    "codename": "change_pool"
  }
},
{
  "model": "auth.permission",
  "pk": 87,
  "fields": {
    "name": "Can delete pool",
    "content_type": 22,
    "codename": "delete_pool"
  }
},
{
  "model": "auth.permission",
  "pk": 88,
  "fields": {
    "name": "Can view pool",
    "content_type": 22,
    "codename": "view_pool"
  }
},
{
  "model": "auth.permission",
  "pk": 89,
  "fields": {
    "name": "Can add favorite",
    "content_type": 23,
    "codename": "add_favorite"
  }
},
{
  "model": "auth.permission",
  "pk": 90,
  "fields": {
    "name": "Can change favorite",
    "content_type": 23,
    "codename": "change_favorite"
  }
},
{
  "model": "auth.permission",
  "pk": 91,
  "fields": {
    "name": "Can delete favorite",
    "content_type": 23,
    "codename": "delete_favorite"
  }
},
{
  "model": "auth.permission",
  "pk": 92,
  "fields": {
    "name": "Can view favorite",
    "content_type": 23,
    "codename": "view_favorite"
  }
},
{
  "model": "auth.permission",
  "pk": 93,
  "fields": {
    "name": "Can add comment",
    "content_type": 24,
    "codename": "add_comment"
  }
},
{
  "model": "auth.permission",
  "pk": 94,
  "fields": {
    "name": "Can change comment",
    "content_type": 24,
    "codename": "change_comment"
  }
},
{
  "model": "auth.permission",
  "pk": 95,
  "fields": {
    "name": "Can delete comment",
    "content_type": 24,
    "codename": "delete_comment"
  }
},
{
  "model": "auth.permission",
  "pk": 96,
  "fields": {
    "name": "Can view comment",
    "content_type": 24,
    "codename": "view_comment"
  }
},
{
  "model": "auth.permission",
  "pk": 97,
  "fields": {
    "name": "Can add tag alias",
    "content_type": 25,
    "codename": "add_tagalias"
  }
},
{
  "model": "auth.permission",
  "pk": 98,
  "fields": {
    "name": "Can change tag alias",
    "content_type": 25,
    "codename": "change_tagalias"
  }
},
{
  "model": "auth.permission",
  "pk": 99,
  "fields": {
    "name": "Can delete tag alias",
    "content_type": 25,
    "codename": "delete_tagalias"
  }
},
{
  "model": "auth.permission",
  "pk": 100,
  "fields": {
    "name": "Can view tag alias",
    "content_type": 25,
    "codename": "view_tagalias"
  }
},
{
  "model": "auth.permission",
  "pk": 101,
  "fields": {
    "name": "Can add user",
    "content_type": 26,
    "codename": "add_user"
  }
},
{
  "model": "auth.permission",
  "pk": 102,
  "fields": {
    "name": "Can change user",
    "content_type": 26,
    "codename": "change_user"
  }
},
{
  "model": "auth.permission",
  "pk": 103,
  "fields": {
    "name": "Can delete user",
    "content_type": 26,
    "codename": "delete_user"
  }
},
{
  "model": "auth.permission",
  "pk": 104,
  "fields": {
    "name": "Can view user",
    "content_type": 26,
    "codename": "view_user"
  }
},
{
  "model": "auth.permission",
  "pk": 105,
  "fields": {
    "name": "Can add history entry",
    "content_type": 27,
    "codename": "add_historyentry"
  }
},
{
  "model": "auth.permission",
  "pk": 106,
  "fields": {
    "name": "Can change history entry",
    "content_type": 27,
    "codename": "change_historyentry"
  }
},
{
  "model": "auth.permission",
  "pk": 107,
  "fields": {
    "name": "Can delete history entry",
    "content_type": 27,
    "codename": "delete_historyentry"
  }
},
{
  "model": "auth.permission",
  "pk": 108,
  "fields": {
    "name": "Can view history entry",
    "content_type": 27,
    "codename": "view_historyentry"
  }
},
{
  "model": "contenttypes.contenttype",
  "pk": 1,
  "fields": {
    "app_label": "auth",
    "model": "permission"
  }
},
{
  "model": "contenttypes.contenttype",
  "pk": 2,
  "fields": {
    "app_label": "auth",
    "model": "group"
  }
},
{
  "model": "contenttypes.contenttype",
  "pk": 3,
  "fields": {
    "app_label": "contenttypes",
    "model": "contenttype"
  }
},
{
  "model": "contenttypes.contenttype",
  "pk": 4,
  "fields": {
    "app_label": "sessions",
    "model": "session"
  }
},
{
  "model": "contenttypes.contenttype",
  "pk": 5,
  "fields": {
    "app_label": "sites",
    "model": "site"
  }
},
{
  "model": "contenttypes.contenttype",
  "pk": 6,
  "fields": {
    "app_label": "admin",
    "model": "logentry"
  }
},
{
  "model": "contenttypes.contenttype",
  "pk": 7,
  "fields": {
    "app_label": "account",
    "model": "emailaddress"
  }
},
{
  "model": "contenttypes.contenttype",
  "pk": 8,
  "fields": {
    "app_label": "account",
    "model": "emailconfirmation"
  }
},
{
  "model": "contenttypes.contenttype",
  "pk": 9,
  "fields": {
    "app_label": "mfa",
    "model": "authenticator"
  }
},
{
  "model": "contenttypes.contenttype",
  "pk": 10,
  "fields": {
    "app_label": "socialaccount",
    "model": "socialaccount"
  }
},
{
  "model": "contenttypes.contenttype",
  "pk": 11,
  "fields": {
    "app_label": "socialaccount",
    "model": "socialapp"
  }
},
{
  "model": "contenttypes.contenttype",
  "pk": 12,
  "fields": {
    "app_label": "socialaccount",
    "model": "socialtoken"
  }
},
{
  "model": "contenttypes.contenttype",
  "pk": 13,
  "fields": {
    "app_label": "authtoken",
    "model": "token"
  }
},
{
  "model": "contenttypes.contenttype",
  "pk": 14,
  "fields": {
    "app_label": "authtoken",
    "model": "tokenproxy"
  }
},
{
  "model": "contenttypes.contenttype",
  "pk": 15,
  "fields": {
    "app_label": "tesys_tagboard",
    "model": "media"
  }
},
{
  "model": "contenttypes.contenttype",
  "pk": 16,
  "fields": {
    "app_label": "tesys_tagboard",
    "model": "audio"
  }
},
{
  "model": "contenttypes.contenttype",
  "pk": 17,
  "fields": {
    "app_label": "tesys_tagboard",
    "model": "image"
  }
},
{
  "model": "contenttypes.contenttype",
  "pk": 18,
  "fields": {
    "app_label": "tesys_tagboard",
    "model": "video"
  }
},
{
  "model": "contenttypes.contenttype",
  "pk": 19,
  "fields": {
    "app_label": "tesys_tagboard",
    "model": "tag"
  }
},
{
  "model": "contenttypes.contenttype",
  "pk": 20,
  "fields": {
    "app_label": "tesys_tagboard",
    "model": "artist"
  }
},
{
  "model": "contenttypes.contenttype",
  "pk": 21,
  "fields": {
    "app_label": "tesys_tagboard",
    "model": "post"
  }
},
{
  "model": "contenttypes.contenttype",
  "pk": 22,
  "fields": {
    "app_label": "tesys_tagboard",
    "model": "pool"
  }
},
{
  "model": "contenttypes.contenttype",
  "pk": 23,
  "fields": {
    "app_label": "tesys_tagboard",
    "model": "favorite"
  }
},
{
  "model": "contenttypes.contenttype",
  "pk": 24,
  "fields": {
    "app_label": "tesys_tagboard",
    "model": "comment"
  }
},
{
  "model": "contenttypes.contenttype",
  "pk": 25,
  "fields": {
    "app_label": "tesys_tagboard",
    "model": "tagalias"
  }
},
{
  "model": "contenttypes.contenttype",
  "pk": 26,
  "fields": {
    "app_label": "users",
    "model": "user"
  }
},
{
  "model": "contenttypes.contenttype",
  "pk": 27,
  "fields": {
    "app_label": "debug_toolbar",
    "model": "historyentry"
  }
},
{
  "model": "sessions.session",
  "pk": "buonsy140kt0l5355zxzzt7f11qgt46x",
  "fields": {
    "session_data": ".eJxVjMsOwiAQRf-FtSEMjwIu3fsNZOgMUjU0Ke3K-O_apAvd3nPOfYmE21rT1nlJE4mzAHH63TKOD247oDu22yzHua3LlOWuyIN2eZ2Jn5fD_Tuo2Ou3HiIWDxxMBDNY57QP5ECpUJgN2YikPBXCANEH7a3VRGAggPEKHWTx_gC81Da7:1vK2rh:NzkQBmPxkC75ghmESawz9yt0R_XHHZvP3wrhMOjGlVc",
    "expire_date": "2025-11-28T23:06:01.218Z"
  }
},
{
  "model": "sites.site",
  "pk": 1,
  "fields": {
    "domain": "example.com",
    "name": "Tesy's Tagboard"
  }
},
{
  "model": "admin.logentry",
  "pk": 1,
  "fields": {
    "action_time": "2025-11-14T19:39:41.299Z",
    "user": 1,
    "content_type": 19,
    "object_id": "1",
    "object_repr": "<Tag - red, category: BA>",
    "action_flag": 1,
    "change_message": "[{\"added\": {}}]"
  }
},
{
  "model": "admin.logentry",
  "pk": 2,
  "fields": {
    "action_time": "2025-11-14T19:39:46.714Z",
    "user": 1,
    "content_type": 19,
    "object_id": "2",
    "object_repr": "<Tag - orange, category: BA>",
    "action_flag": 1,
    "change_message": "[{\"added\": {}}]"
  }
},
{
  "model": "admin.logentry",
  "pk": 3,
  "fields": {
    "action_time": "2025-11-14T19:39:52.361Z",
    "user": 1,
    "content_type": 19,
    "object_id": "3",
    "object_repr": "<Tag - yellow, category: BA>",
    "action_flag": 1,
    "change_message": "[{\"added\": {}}]"
  }
},
{
  "model": "admin.logentry",
  "pk": 4,
  "fields": {
    "action_time": "2025-11-14T19:39:56.727Z",
    "user": 1,
    "content_type": 19,
    "object_id": "4",
    "object_repr": "<Tag - green, category: BA>",
    "action_flag": 1,
    "change_message": "[{\"added\": {}}]"
  }
},
{
  "model": "admin.logentry",
  "pk": 5,
  "fields": {
    "action_time": "2025-11-14T19:40:00.649Z",
    "user": 1,
    "content_type": 19,
    "object_id": "5",
    "object_repr": "<Tag - blue, category: BA>",
    "action_flag": 1,
    "change_message": "[{\"added\": {}}]"
  }
},
{
  "model": "admin.logentry",
  "pk": 6,
  "fields": {
    "action_time": "2025-11-14T19:40:06.862Z",
    "user": 1,
    "content_type": 19,
    "object_id": "6",
    "object_repr": "<Tag - indigo, category: BA>",
    "action_flag": 1,
    "change_message": "[{\"added\": {}}]"
  }
},
{
  "model": "admin.logentry",
  "pk": 7,
  "fields": {
    "action_time": "2025-11-14T19:40:11.122Z",
    "user": 1,
    "content_type": 19,
    "object_id": "7",
    "object_repr": "<Tag - violet, category: BA>",
    "action_flag": 1,
    "change_message": "[{\"added\": {}}]"
  }
},
{
  "model": "admin.logentry",
  "pk": 8,
  "fields": {
    "action_time": "2025-11-14T19:40:16.722Z",
    "user": 1,
    "content_type": 19,
    "object_id": "8",
    "object_repr": "<Tag - brack, category: AR>",
    "action_flag": 1,
    "change_message": "[{\"added\": {}}]"
  }
},
{
  "model": "admin.logentry",
  "pk": 9,
  "fields": {
    "action_time": "2025-11-14T19:40:22.475Z",
    "user": 1,
    "content_type": 19,
    "object_id": "9",
    "object_repr": "<Tag - onion_little, category: AR>",
    "action_flag": 1,
    "change_message": "[{\"added\": {}}]"
  }
},
{
  "model": "admin.logentry",
  "pk": 10,
  "fields": {
    "action_time": "2025-11-14T19:40:29.241Z",
    "user": 1,
    "content_type": 19,
    "object_id": "10",
    "object_repr": "<Tag - public_domain, category: CO>",
    "action_flag": 1,
    "change_message": "[{\"added\": {}}]"
  }
},
{
  "model": "admin.logentry",
  "pk": 11,
  "fields": {
    "action_time": "2025-11-14T19:41:40.457Z",
    "user": 1,
    "content_type": 19,
    "object_id": "11",
    "object_repr": "<Tag - CC_BY, category: CO>",
    "action_flag": 1,
    "change_message": "[{\"added\": {}}]"
  }
},
{
  "model": "admin.logentry",
  "pk": 12,
  "fields": {
    "action_time": "2025-11-14T19:41:56.230Z",
    "user": 1,
    "content_type": 19,
    "object_id": "12",
    "object_repr": "<Tag - CC_BY_SA, category: CO>",
    "action_flag": 1,
    "change_message": "[{\"added\": {}}]"
  }
},
{
  "model": "admin.logentry",
  "pk": 13,
  "fields": {
    "action_time": "2025-11-14T19:56:06.452Z",
    "user": 1,
    "content_type": 19,
    "object_id": "11",
    "object_repr": "<Tag - CC_BY, category: CO>",
    "action_flag": 2,
    "change_message": "[]"
  }
},
{
  "model": "admin.logentry",
  "pk": 14,
  "fields": {
    "action_time": "2025-11-14T19:56:31.486Z",
    "user": 1,
    "content_type": 19,
    "object_id": "13",
    "object_repr": "<Tag - CC_BY_NC, category: CO>",
    "action_flag": 1,
    "change_message": "[{\"added\": {}}]"
  }
},
{
  "model": "admin.logentry",
  "pk": 15,
  "fields": {
    "action_time": "2025-11-14T20:11:50.114Z",
    "user": 1,
    "content_type": 19,
    "object_id": "11",
    "object_repr": "<Tag - CC_BY, category: CO>",
    "action_flag": 2,
    "change_message": "[{\"changed\": {\"fields\": [\"Description\"]}}]"
  }
},
{
  "model": "admin.logentry",
  "pk": 16,
  "fields": {
    "action_time": "2025-11-14T20:11:56.249Z",
    "user": 1,
    "content_type": 19,
    "object_id": "13",
    "object_repr": "<Tag - CC_BY_NC, category: CO>",
    "action_flag": 2,
    "change_message": "[{\"changed\": {\"fields\": [\"Description\"]}}]"
  }
},
{
  "model": "admin.logentry",
  "pk": 17,
  "fields": {
    "action_time": "2025-11-14T20:12:06.876Z",
    "user": 1,
    "content_type": 19,
    "object_id": "12",
    "object_repr": "<Tag - CC_BY_SA, category: CO>",
    "action_flag": 2,
    "change_message": "[{\"changed\": {\"fields\": [\"Description\"]}}]"
  }
},
{
  "model": "admin.logentry",
  "pk": 18,
  "fields": {
    "action_time": "2025-11-14T20:33:39.936Z",
    "user": 1,
    "content_type": 19,
    "object_id": "14",
    "object_repr": "<Tag - pixabay, category: CO>",
    "action_flag": 1,
    "change_message": "[{\"added\": {}}]"
  }
},
{
  "model": "admin.logentry",
  "pk": 19,
  "fields": {
    "action_time": "2025-11-14T20:34:26.880Z",
    "user": 1,
    "content_type": 19,
    "object_id": "15",
    "object_repr": "<Tag - unsplash, category: CO>",
    "action_flag": 1,
    "change_message": "[{\"added\": {}}]"
  }
},
{
  "model": "admin.logentry",
  "pk": 20,
  "fields": {
    "action_time": "2025-11-14T20:42:09.832Z",
    "user": 1,
    "content_type": 19,
    "object_id": "16",
    "object_repr": "<Tag - bicycle, category: BA>",
    "action_flag": 1,
    "change_message": "[{\"added\": {}}]"
  }
},
{
  "model": "admin.logentry",
  "pk": 21,
  "fields": {
    "action_time": "2025-11-14T20:44:05.182Z",
    "user": 1,
    "content_type": 25,
    "object_id": "1",
    "object_repr": "<TagAlias - bike, tag: <Tag - bicycle, category: BA>>",
    "action_flag": 1,
    "change_message": "[{\"added\": {}}]"
  }
},
{
  "model": "admin.logentry",
  "pk": 22,
  "fields": {
    "action_time": "2025-11-14T20:44:43.070Z",
    "user": 1,
    "content_type": 19,
    "object_id": "17",
    "object_repr": "<Tag - trees, category: BA>",
    "action_flag": 1,
    "change_message": "[{\"added\": {}}]"
  }
},
{
  "model": "admin.logentry",
  "pk": 23,
  "fields": {
    "action_time": "2025-11-14T20:44:49.047Z",
    "user": 1,
    "content_type": 19,
    "object_id": "18",
    "object_repr": "<Tag - road, category: BA>",
    "action_flag": 1,
    "change_message": "[{\"added\": {}}]"
  }
},
{
  "model": "admin.logentry",
  "pk": 24,
  "fields": {
    "action_time": "2025-11-14T20:44:58.806Z",
    "user": 1,
    "content_type": 19,
    "object_id": "19",
    "object_repr": "<Tag - bricks, category: BA>",
    "action_flag": 1,
    "change_message": "[{\"added\": {}}]"
  }
},
{
  "model": "admin.logentry",
  "pk": 25,
  "fields": {
    "action_time": "2025-11-14T20:45:12.637Z",
    "user": 1,
    "content_type": 19,
    "object_id": "20",
    "object_repr": "<Tag - fog, category: BA>",
    "action_flag": 1,
    "change_message": "[{\"added\": {}}]"
  }
},
{
  "model": "admin.logentry",
  "pk": 26,
  "fields": {
    "action_time": "2025-11-14T20:52:50.402Z",
    "user": 1,
    "content_type": 15,
    "object_id": "3",
    "object_repr": "<Media - orig_file: rikki-chan-_k31aFqnmTM-unsplash.jpg, source: https://unsplash.com/de/fotos/...>",
    "action_flag": 2,
    "change_message": "[{\"changed\": {\"fields\": [\"Src url\"]}}]"
  }
},
{
  "model": "admin.logentry",
  "pk": 27,
  "fields": {
    "action_time": "2025-11-14T21:35:15.702Z",
    "user": 1,
    "content_type": 19,
    "object_id": "21",
    "object_repr": "<Tag - Netherlands, category: BA>",
    "action_flag": 1,
    "change_message": "[{\"added\": {}}]"
  }
},
{
  "model": "admin.logentry",
  "pk": 28,
  "fields": {
    "action_time": "2025-11-14T21:37:10.156Z",
    "user": 1,
    "content_type": 19,
    "object_id": "22",
    "object_repr": "<Tag - Fer_Troulik, category: AR>",
    "action_flag": 1,
    "change_message": "[{\"added\": {}}]"
  }
},
{
  "model": "admin.logentry",
  "pk": 29,
  "fields": {
    "action_time": "2025-11-14T21:38:21.875Z",
    "user": 1,
    "content_type": 19,
    "object_id": "23",
    "object_repr": "<Tag - bike_garage, category: BA>",
    "action_flag": 1,
    "change_message": "[{\"added\": {}}]"
  }
},
{
  "model": "admin.logentry",
  "pk": 30,
  "fields": {
    "action_time": "2025-11-14T21:39:40.006Z",
    "user": 1,
    "content_type": 19,
    "object_id": "24",
    "object_repr": "<Tag - sign, category: BA>",
    "action_flag": 1,
    "change_message": "[{\"added\": {}}]"
  }
},
{
  "model": "admin.logentry",
  "pk": 31,
  "fields": {
    "action_time": "2025-11-14T21:39:46.943Z",
    "user": 1,
    "content_type": 19,
    "object_id": "25",
    "object_repr": "<Tag - grayscale, category: BA>",
    "action_flag": 1,
    "change_message": "[{\"added\": {}}]"
  }
},
{
  "model": "admin.logentry",
  "pk": 32,
  "fields": {
    "action_time": "2025-11-14T21:40:06.475Z",
    "user": 1,
    "content_type": 25,
    "object_id": "2",
    "object_repr": "<TagAlias - greyscale, tag: <Tag - grayscale, category: BA>>",
    "action_flag": 1,
    "change_message": "[{\"added\": {}}]"
  }
},
{
  "model": "admin.logentry",
  "pk": 33,
  "fields": {
    "action_time": "2025-11-14T21:53:05.145Z",
    "user": 1,
    "content_type": 19,
    "object_id": "26",
    "object_repr": "<Tag - train, category: BA>",
    "action_flag": 1,
    "change_message": "[{\"added\": {}}]"
  }
},
{
  "model": "admin.logentry",
  "pk": 34,
  "fields": {
    "action_time": "2025-11-14T21:53:11.730Z",
    "user": 1,
    "content_type": 19,
    "object_id": "27",
    "object_repr": "<Tag - underground, category: BA>",
    "action_flag": 1,
    "change_message": "[{\"added\": {}}]"
  }
},
{
  "model": "admin.logentry",
  "pk": 35,
  "fields": {
    "action_time": "2025-11-14T21:53:16.740Z",
    "user": 1,
    "content_type": 19,
    "object_id": "28",
    "object_repr": "<Tag - subway, category: BA>",
    "action_flag": 1,
    "change_message": "[{\"added\": {}}]"
  }
},
{
  "model": "admin.logentry",
  "pk": 36,
  "fields": {
    "action_time": "2025-11-14T21:55:10.529Z",
    "user": 1,
    "content_type": 19,
    "object_id": "29",
    "object_repr": "<Tag - transportation, category: BA>",
    "action_flag": 1,
    "change_message": "[{\"added\": {}}]"
  }
},
{
  "model": "admin.logentry",
  "pk": 37,
  "fields": {
    "action_time": "2025-11-14T21:56:04.882Z",
    "user": 1,
    "content_type": 21,
    "object_id": "6",
    "object_repr": "<Post - uploader: , posted: 2025-11-14 21:55:26.277212+00:00>",
    "action_flag": 2,
    "change_message": "[{\"changed\": {\"fields\": [\"Tags\"]}}]"
  }
},
{
  "model": "admin.logentry",
  "pk": 38,
  "fields": {
    "action_time": "2025-11-14T21:56:25.338Z",
    "user": 1,
    "content_type": 15,
    "object_id": "6",
    "object_repr": "<Media - orig_file: fer-troulik-DWv_jcGE3hE-unsplash.jpg, source: https://unsplash.com/photos/a-...>",
    "action_flag": 2,
    "change_message": "[{\"changed\": {\"fields\": [\"Src url\"]}}]"
  }
},
{
  "model": "admin.logentry",
  "pk": 39,
  "fields": {
    "action_time": "2025-11-14T21:58:07.628Z",
    "user": 1,
    "content_type": 19,
    "object_id": "30",
    "object_repr": "<Tag - staircase, category: BA>",
    "action_flag": 1,
    "change_message": "[{\"added\": {}}]"
  }
},
{
  "model": "admin.logentry",
  "pk": 40,
  "fields": {
    "action_time": "2025-11-14T21:58:13.747Z",
    "user": 1,
    "content_type": 19,
    "object_id": "31",
    "object_repr": "<Tag - stairs, category: BA>",
    "action_flag": 1,
    "change_message": "[{\"added\": {}}]"
  }
},
{
  "model": "admin.logentry",
  "pk": 41,
  "fields": {
    "action_time": "2025-11-14T21:58:21.104Z",
    "user": 1,
    "content_type": 19,
    "object_id": "32",
    "object_repr": "<Tag - building, category: BA>",
    "action_flag": 1,
    "change_message": "[{\"added\": {}}]"
  }
},
{
  "model": "admin.logentry",
  "pk": 42,
  "fields": {
    "action_time": "2025-11-14T21:58:36.736Z",
    "user": 1,
    "content_type": 19,
    "object_id": "33",
    "object_repr": "<Tag - urban, category: BA>",
    "action_flag": 1,
    "change_message": "[{\"added\": {}}]"
  }
},
{
  "model": "admin.logentry",
  "pk": 43,
  "fields": {
    "action_time": "2025-11-14T23:06:01.130Z",
    "user": 1,
    "content_type": 26,
    "object_id": "1",
    "object_repr": "admin",
    "action_flag": 2,
    "change_message": "[{\"changed\": {\"fields\": [\"password\"]}}]"
  }
},
{
  "model": "admin.logentry",
  "pk": 44,
  "fields": {
    "action_time": "2025-11-15T01:58:28.142Z",
    "user": 1,
    "content_type": 15,
    "object_id": "8",
    "object_repr": "<Media - orig_file: girl-8880144_640.png, source: ...>",
    "action_flag": 3,
    "change_message": ""
  }
},
{
  "model": "admin.logentry",
  "pk": 45,
  "fields": {
    "action_time": "2025-11-15T01:58:28.142Z",
    "user": 1,
    "content_type": 15,
    "object_id": "7",
    "object_repr": "<Media - orig_file: fer-troulik-jC_ewVSpYeo-unsplash.jpg, source: https://unsplash.com/photos/fi...>",
    "action_flag": 3,
    "change_message": ""
  }
},
{
  "model": "admin.logentry",
  "pk": 46,
  "fields": {
    "action_time": "2025-11-15T01:58:28.142Z",
    "user": 1,
    "content_type": 15,
    "object_id": "6",
    "object_repr": "<Media - orig_file: fer-troulik-DWv_jcGE3hE-unsplash.jpg, source: https://unsplash.com/photos/a-...>",
    "action_flag": 3,
    "change_message": ""
  }
},
{
  "model": "admin.logentry",
  "pk": 47,
  "fields": {
    "action_time": "2025-11-15T01:58:28.142Z",
    "user": 1,
    "content_type": 15,
    "object_id": "5",
    "object_repr": "<Media - orig_file: fer-troulik-qLEGfl9XJMs-unsplash.jpg, source: https://unsplash.com/de/fotos/...>",
    "action_flag": 3,
    "change_message": ""
  }
},
{
  "model": "admin.logentry",
  "pk": 48,
  "fields": {
    "action_time": "2025-11-15T01:58:28.142Z",
    "user": 1,
    "content_type": 15,
    "object_id": "4",
    "object_repr": "<Media - orig_file: marc-kleen-Hg5-RwwjHu0-unsplash.jpg, source: https://unsplash.com/de/fotos/...>",
    "action_flag": 3,
    "change_message": ""
  }
},
{
  "model": "admin.logentry",
  "pk": 49,
  "fields": {
    "action_time": "2025-11-15T01:58:28.142Z",
    "user": 1,
    "content_type": 15,
    "object_id": "3",
    "object_repr": "<Media - orig_file: rikki-chan-_k31aFqnmTM-unsplash.jpg, source: https://unsplash.com/de/fotos/...>",
    "action_flag": 3,
    "change_message": ""
  }
},
{
  "model": "admin.logentry",
  "pk": 50,
  "fields": {
    "action_time": "2025-11-15T01:58:28.142Z",
    "user": 1,
    "content_type": 15,
    "object_id": "2",
    "object_repr": "<Media - orig_file: lemons-9934195_1280.png, source: ...>",
    "action_flag": 3,
    "change_message": ""
  }
},
{
  "model": "admin.logentry",
  "pk": 51,
  "fields": {
    "action_time": "2025-11-15T02:33:25.362Z",
    "user": 1,
    "content_type": 19,
    "object_id": "34",
    "object_repr": "<Tag - marc_kleen, category: AR>",
    "action_flag": 1,
    "change_message": "[{\"added\": {}}]"
  }
},
{
  "model": "admin.logentry",
  "pk": 52,
  "fields": {
    "action_time": "2025-11-15T02:33:51.056Z",
    "user": 1,
    "content_type": 19,
    "object_id": "35",
    "object_repr": "<Tag - rikki_chan, category: AR>",
    "action_flag": 1,
    "change_message": "[{\"added\": {}}]"
  }
},
{
  "model": "admin.logentry",
  "pk": 53,
  "fields": {
    "action_time": "2025-11-15T02:39:23.923Z",
    "user": 1,
    "content_type": 19,
    "object_id": "36",
    "object_repr": "<Tag - train_station, category: BA>",
    "action_flag": 1,
    "change_message": "[{\"added\": {}}]"
  }
},
{
  "model": "admin.logentry",
  "pk": 54,
  "fields": {
    "action_time": "2025-11-15T02:39:31.557Z",
    "user": 1,
    "content_type": 19,
    "object_id": "37",
    "object_repr": "<Tag - clock, category: BA>",
    "action_flag": 1,
    "change_message": "[{\"added\": {}}]"
  }
},
{
  "model": "admin.logentry",
  "pk": 55,
  "fields": {
    "action_time": "2025-11-15T02:39:38.248Z",
    "user": 1,
    "content_type": 19,
    "object_id": "38",
    "object_repr": "<Tag - bench, category: BA>",
    "action_flag": 1,
    "change_message": "[{\"added\": {}}]"
  }
},
{
  "model": "admin.logentry",
  "pk": 56,
  "fields": {
    "action_time": "2025-11-15T02:43:31.040Z",
    "user": 1,
    "content_type": 19,
    "object_id": "39",
    "object_repr": "<Tag - shadows, category: BA>",
    "action_flag": 1,
    "change_message": "[{\"added\": {}}]"
  }
},
{
  "model": "admin.logentry",
  "pk": 57,
  "fields": {
    "action_time": "2025-11-15T02:47:08.353Z",
    "user": 1,
    "content_type": 19,
    "object_id": "40",
    "object_repr": "<Tag - Kyiv, category: BA>",
    "action_flag": 1,
    "change_message": "[{\"added\": {}}]"
  }
},
{
  "model": "admin.logentry",
  "pk": 58,
  "fields": {
    "action_time": "2025-11-15T02:47:15.599Z",
    "user": 1,
    "content_type": 19,
    "object_id": "41",
    "object_repr": "<Tag - books, category: BA>",
    "action_flag": 1,
    "change_message": "[{\"added\": {}}]"
  }
},
{
  "model": "admin.logentry",
  "pk": 59,
  "fields": {
    "action_time": "2025-11-15T02:47:22.319Z",
    "user": 1,
    "content_type": 19,
    "object_id": "42",
    "object_repr": "<Tag - book_shop, category: BA>",
    "action_flag": 1,
    "change_message": "[{\"added\": {}}]"
  }
},
{
  "model": "admin.logentry",
  "pk": 60,
  "fields": {
    "action_time": "2025-11-15T02:47:48.676Z",
    "user": 1,
    "content_type": 19,
    "object_id": "43",
    "object_repr": "<Tag - library, category: BA>",
    "action_flag": 1,
    "change_message": "[{\"added\": {}}]"
  }
},
{
  "model": "admin.logentry",
  "pk": 61,
  "fields": {
    "action_time": "2025-11-15T03:00:18.562Z",
    "user": 1,
    "content_type": 19,
    "object_id": "44",
    "object_repr": "<Tag - Olena_Bohovyk, category: AR>",
    "action_flag": 1,
    "change_message": "[{\"added\": {}}]"
  }
},
{
  "model": "admin.logentry",
  "pk": 62,
  "fields": {
    "action_time": "2025-11-15T03:02:40.609Z",
    "user": 1,
    "content_type": 19,
    "object_id": "45",
    "object_repr": "<Tag - black_pants, category: BA>",
    "action_flag": 1,
    "change_message": "[{\"added\": {}}]"
  }
},
{
  "model": "admin.logentry",
  "pk": 63,
  "fields": {
    "action_time": "2025-11-15T03:02:46.831Z",
    "user": 1,
    "content_type": 19,
    "object_id": "46",
    "object_repr": "<Tag - watch, category: BA>",
    "action_flag": 1,
    "change_message": "[{\"added\": {}}]"
  }
},
{
  "model": "admin.logentry",
  "pk": 64,
  "fields": {
    "action_time": "2025-11-15T03:03:04.483Z",
    "user": 1,
    "content_type": 19,
    "object_id": "47",
    "object_repr": "<Tag - ring, category: BA>",
    "action_flag": 1,
    "change_message": "[{\"added\": {}}]"
  }
},
{
  "model": "admin.logentry",
  "pk": 65,
  "fields": {
    "action_time": "2025-11-15T03:04:47.119Z",
    "user": 1,
    "content_type": 19,
    "object_id": "48",
    "object_repr": "<Tag - book, category: BA>",
    "action_flag": 1,
    "change_message": "[{\"added\": {}}]"
  }
},
{
  "model": "admin.logentry",
  "pk": 66,
  "fields": {
    "action_time": "2025-11-15T03:08:36.489Z",
    "user": 1,
    "content_type": 19,
    "object_id": "49",
    "object_repr": "<Tag - tattoo, category: BA>",
    "action_flag": 1,
    "change_message": "[{\"added\": {}}]"
  }
},
{
  "model": "admin.logentry",
  "pk": 67,
  "fields": {
    "action_time": "2025-11-15T03:10:59.954Z",
    "user": 1,
    "content_type": 19,
    "object_id": "50",
    "object_repr": "<Tag - handstand, category: BA>",
    "action_flag": 1,
    "change_message": "[{\"added\": {}}]"
  }
},
{
  "model": "admin.logentry",
  "pk": 68,
  "fields": {
    "action_time": "2025-11-15T03:11:09.255Z",
    "user": 1,
    "content_type": 19,
    "object_id": "51",
    "object_repr": "<Tag - beach, category: BA>",
    "action_flag": 1,
    "change_message": "[{\"added\": {}}]"
  }
},
{
  "model": "admin.logentry",
  "pk": 69,
  "fields": {
    "action_time": "2025-11-15T03:11:12.608Z",
    "user": 1,
    "content_type": 19,
    "object_id": "52",
    "object_repr": "<Tag - sunset, category: BA>",
    "action_flag": 1,
    "change_message": "[{\"added\": {}}]"
  }
},
{
  "model": "admin.logentry",
  "pk": 70,
  "fields": {
    "action_time": "2025-11-15T03:11:17.865Z",
    "user": 1,
    "content_type": 19,
    "object_id": "53",
    "object_repr": "<Tag - sand, category: BA>",
    "action_flag": 1,
    "change_message": "[{\"added\": {}}]"
  }
},
{
  "model": "admin.logentry",
  "pk": 71,
  "fields": {
    "action_time": "2025-11-15T03:11:21.706Z",
    "user": 1,
    "content_type": 19,
    "object_id": "54",
    "object_repr": "<Tag - footprints, category: BA>",
    "action_flag": 1,
    "change_message": "[{\"added\": {}}]"
  }
},
{
  "model": "admin.logentry",
  "pk": 72,
  "fields": {
    "action_time": "2025-11-15T03:11:49.961Z",
    "user": 1,
    "content_type": 21,
    "object_id": "9",
    "object_repr": "<Post - uploader: , posted: 2025-11-15 02:21:49.601646+00:00>",
    "action_flag": 2,
    "change_message": "[{\"changed\": {\"fields\": [\"Rating level\"]}}]"
  }
},
{
  "model": "admin.logentry",
  "pk": 73,
  "fields": {
    "action_time": "2025-11-15T03:11:55.520Z",
    "user": 1,
    "content_type": 21,
    "object_id": "10",
    "object_repr": "<Post - uploader: , posted: 2025-11-15 02:30:04.914308+00:00>",
    "action_flag": 2,
    "change_message": "[{\"changed\": {\"fields\": [\"Rating level\"]}}]"
  }
},
{
  "model": "admin.logentry",
  "pk": 74,
  "fields": {
    "action_time": "2025-11-15T03:11:59.725Z",
    "user": 1,
    "content_type": 21,
    "object_id": "11",
    "object_repr": "<Post - uploader: , posted: 2025-11-15 02:36:06.041700+00:00>",
    "action_flag": 2,
    "change_message": "[{\"changed\": {\"fields\": [\"Rating level\"]}}]"
  }
},
{
  "model": "admin.logentry",
  "pk": 75,
  "fields": {
    "action_time": "2025-11-15T03:12:02.976Z",
    "user": 1,
    "content_type": 21,
    "object_id": "12",
    "object_repr": "<Post - uploader: , posted: 2025-11-15 02:37:17.670590+00:00>",
    "action_flag": 2,
    "change_message": "[{\"changed\": {\"fields\": [\"Rating level\"]}}]"
  }
},
{
  "model": "admin.logentry",
  "pk": 76,
  "fields": {
    "action_time": "2025-11-15T03:12:07.344Z",
    "user": 1,
    "content_type": 21,
    "object_id": "13",
    "object_repr": "<Post - uploader: , posted: 2025-11-15 02:43:44.149071+00:00>",
    "action_flag": 2,
    "change_message": "[{\"changed\": {\"fields\": [\"Rating level\"]}}]"
  }
},
{
  "model": "admin.logentry",
  "pk": 77,
  "fields": {
    "action_time": "2025-11-15T03:12:13.484Z",
    "user": 1,
    "content_type": 21,
    "object_id": "14",
    "object_repr": "<Post - uploader: , posted: 2025-11-15 03:00:36.983665+00:00>",
    "action_flag": 2,
    "change_message": "[{\"changed\": {\"fields\": [\"Rating level\"]}}]"
  }
},
{
  "model": "admin.logentry",
  "pk": 78,
  "fields": {
    "action_time": "2025-11-15T03:12:18.355Z",
    "user": 1,
    "content_type": 21,
    "object_id": "15",
    "object_repr": "<Post - uploader: , posted: 2025-11-15 03:08:42.885478+00:00>",
    "action_flag": 2,
    "change_message": "[{\"changed\": {\"fields\": [\"Rating level\"]}}]"
  }
},
{
  "model": "admin.logentry",
  "pk": 79,
  "fields": {
    "action_time": "2025-11-15T03:20:16.737Z",
    "user": 1,
    "content_type": 19,
    "object_id": "55",
    "object_repr": "<Tag - annie_spratt, category: AR>",
    "action_flag": 1,
    "change_message": "[{\"added\": {}}]"
  }
},
{
  "model": "admin.logentry",
  "pk": 80,
  "fields": {
    "action_time": "2025-11-15T03:20:35.629Z",
    "user": 1,
    "content_type": 19,
    "object_id": "56",
    "object_repr": "<Tag - lord_of_the_rings, category: BA>",
    "action_flag": 1,
    "change_message": "[{\"added\": {}}]"
  }
},
{
  "model": "admin.logentry",
  "pk": 81,
  "fields": {
    "action_time": "2025-11-15T03:24:25.966Z",
    "user": 1,
    "content_type": 19,
    "object_id": "57",
    "object_repr": "<Tag - white_pants, category: BA>",
    "action_flag": 1,
    "change_message": "[{\"added\": {}}]"
  }
},
{
  "model": "admin.logentry",
  "pk": 82,
  "fields": {
    "action_time": "2025-11-15T03:24:39.661Z",
    "user": 1,
    "content_type": 19,
    "object_id": "58",
    "object_repr": "<Tag - neon_lights, category: BA>",
    "action_flag": 1,
    "change_message": "[{\"added\": {}}]"
  }
},
{
  "model": "admin.logentry",
  "pk": 83,
  "fields": {
    "action_time": "2025-11-15T03:29:36.075Z",
    "user": 1,
    "content_type": 19,
    "object_id": "59",
    "object_repr": "<Tag - bridge, category: BA>",
    "action_flag": 1,
    "change_message": "[{\"added\": {}}]"
  }
},
{
  "model": "admin.logentry",
  "pk": 84,
  "fields": {
    "action_time": "2025-11-15T03:31:46.955Z",
    "user": 1,
    "content_type": 21,
    "object_id": "19",
    "object_repr": "<Post - uploader: , posted: 2025-11-15 03:30:07.115859+00:00>",
    "action_flag": 2,
    "change_message": "[{\"changed\": {\"fields\": [\"Tags\", \"Rating level\"]}}]"
  }
},
{
  "model": "admin.logentry",
  "pk": 85,
  "fields": {
    "action_time": "2025-11-15T03:32:09.076Z",
    "user": 1,
    "content_type": 21,
    "object_id": "19",
    "object_repr": "<Post - uploader: , posted: 2025-11-15 03:30:07.115859+00:00>",
    "action_flag": 2,
    "change_message": "[{\"changed\": {\"fields\": [\"Tags\"]}}]"
  }
},
{
  "model": "admin.logentry",
  "pk": 86,
  "fields": {
    "action_time": "2025-11-15T03:33:37.214Z",
    "user": 1,
    "content_type": 19,
    "object_id": "60",
    "object_repr": "<Tag - street, category: BA>",
    "action_flag": 1,
    "change_message": "[{\"added\": {}}]"
  }
},
{
  "model": "admin.logentry",
  "pk": 87,
  "fields": {
    "action_time": "2025-11-15T03:33:40.770Z",
    "user": 1,
    "content_type": 19,
    "object_id": "61",
    "object_repr": "<Tag - crosswalk, category: BA>",
    "action_flag": 1,
    "change_message": "[{\"added\": {}}]"
  }
},
{
  "model": "admin.logentry",
  "pk": 88,
  "fields": {
    "action_time": "2025-11-15T03:33:46.995Z",
    "user": 1,
    "content_type": 19,
    "object_id": "62",
    "object_repr": "<Tag - sidewalk, category: BA>",
    "action_flag": 1,
    "change_message": "[{\"added\": {}}]"
  }
},
{
  "model": "admin.logentry",
  "pk": 89,
  "fields": {
    "action_time": "2025-11-15T03:35:03.475Z",
    "user": 1,
    "content_type": 19,
    "object_id": "63",
    "object_repr": "<Tag - bollards, category: BA>",
    "action_flag": 1,
    "change_message": "[{\"added\": {}}]"
  }
},
{
  "model": "admin.logentry",
  "pk": 90,
  "fields": {
    "action_time": "2025-11-15T03:37:57.303Z",
    "user": 1,
    "content_type": 19,
    "object_id": "64",
    "object_repr": "<Tag - baguettes, category: BA>",
    "action_flag": 1,
    "change_message": "[{\"added\": {}}]"
  }
},
{
  "model": "admin.logentry",
  "pk": 91,
  "fields": {
    "action_time": "2025-11-15T03:38:48.987Z",
    "user": 1,
    "content_type": 19,
    "object_id": "65",
    "object_repr": "<Tag - fence, category: BA>",
    "action_flag": 1,
    "change_message": "[{\"added\": {}}]"
  }
},
{
  "model": "admin.logentry",
  "pk": 92,
  "fields": {
    "action_time": "2025-11-15T03:39:09.920Z",
    "user": 1,
    "content_type": 19,
    "object_id": "66",
    "object_repr": "<Tag - hat, category: BA>",
    "action_flag": 1,
    "change_message": "[{\"added\": {}}]"
  }
},
{
  "model": "admin.logentry",
  "pk": 93,
  "fields": {
    "action_time": "2025-11-15T03:39:27.406Z",
    "user": 1,
    "content_type": 19,
    "object_id": "67",
    "object_repr": "<Tag - newspaper, category: BA>",
    "action_flag": 1,
    "change_message": "[{\"added\": {}}]"
  }
},
{
  "model": "admin.logentry",
  "pk": 94,
  "fields": {
    "action_time": "2025-11-15T03:40:39.229Z",
    "user": 1,
    "content_type": 19,
    "object_id": "68",
    "object_repr": "<Tag - brown_hair, category: BA>",
    "action_flag": 1,
    "change_message": "[{\"added\": {}}]"
  }
},
{
  "model": "admin.logentry",
  "pk": 95,
  "fields": {
    "action_time": "2025-11-15T03:41:56.127Z",
    "user": 1,
    "content_type": 19,
    "object_id": "69",
    "object_repr": "<Tag - pub, category: BA>",
    "action_flag": 1,
    "change_message": "[{\"added\": {}}]"
  }
},
{
  "model": "admin.logentry",
  "pk": 96,
  "fields": {
    "action_time": "2025-11-15T03:42:55.471Z",
    "user": 1,
    "content_type": 19,
    "object_id": "70",
    "object_repr": "<Tag - Poland, category: BA>",
    "action_flag": 1,
    "change_message": "[{\"added\": {}}]"
  }
},
{
  "model": "admin.logentry",
  "pk": 97,
  "fields": {
    "action_time": "2025-11-15T03:43:00.017Z",
    "user": 1,
    "content_type": 19,
    "object_id": "71",
    "object_repr": "<Tag - cafe, category: BA>",
    "action_flag": 1,
    "change_message": "[{\"added\": {}}]"
  }
},
{
  "model": "admin.logentry",
  "pk": 98,
  "fields": {
    "action_time": "2025-11-15T03:44:15.171Z",
    "user": 1,
    "content_type": 19,
    "object_id": "72",
    "object_repr": "<Tag - chairs, category: BA>",
    "action_flag": 1,
    "change_message": "[{\"added\": {}}]"
  }
},
{
  "model": "admin.logentry",
  "pk": 99,
  "fields": {
    "action_time": "2025-11-15T03:44:37.471Z",
    "user": 1,
    "content_type": 19,
    "object_id": "73",
    "object_repr": "<Tag - rain, category: BA>",
    "action_flag": 1,
    "change_message": "[{\"added\": {}}]"
  }
},
{
  "model": "admin.logentry",
  "pk": 100,
  "fields": {
    "action_time": "2025-11-15T03:45:16.905Z",
    "user": 1,
    "content_type": 19,
    "object_id": "74",
    "object_repr": "<Tag - cars, category: BA>",
    "action_flag": 1,
    "change_message": "[{\"added\": {}}]"
  }
},
{
  "model": "admin.logentry",
  "pk": 101,
  "fields": {
    "action_time": "2025-11-15T03:48:15.476Z",
    "user": 1,
    "content_type": 21,
    "object_id": "23",
    "object_repr": "<Post - uploader: , posted: 2025-11-15 03:47:57.052148+00:00>",
    "action_flag": 2,
    "change_message": "[{\"changed\": {\"fields\": [\"Tags\"]}}]"
  }
},
{
  "model": "admin.logentry",
  "pk": 102,
  "fields": {
    "action_time": "2025-11-15T03:49:52.527Z",
    "user": 1,
    "content_type": 19,
    "object_id": "75",
    "object_repr": "<Tag - snow, category: BA>",
    "action_flag": 1,
    "change_message": "[{\"added\": {}}]"
  }
},
{
  "model": "admin.logentry",
  "pk": 103,
  "fields": {
    "action_time": "2025-11-15T03:49:56.362Z",
    "user": 1,
    "content_type": 19,
    "object_id": "76",
    "object_repr": "<Tag - water, category: BA>",
    "action_flag": 1,
    "change_message": "[{\"added\": {}}]"
  }
},
{
  "model": "admin.logentry",
  "pk": 104,
  "fields": {
    "action_time": "2025-11-15T03:50:27.606Z",
    "user": 1,
    "content_type": 19,
    "object_id": "77",
    "object_repr": "<Tag - car, category: BA>",
    "action_flag": 1,
    "change_message": "[{\"added\": {}}]"
  }
},
{
  "model": "admin.logentry",
  "pk": 105,
  "fields": {
    "action_time": "2025-11-15T03:50:51.467Z",
    "user": 1,
    "content_type": 19,
    "object_id": "78",
    "object_repr": "<Tag - tracks, category: BA>",
    "action_flag": 1,
    "change_message": "[{\"added\": {}}]"
  }
},
{
  "model": "admin.logentry",
  "pk": 106,
  "fields": {
    "action_time": "2025-11-15T04:04:49.755Z",
    "user": 1,
    "content_type": 19,
    "object_id": "79",
    "object_repr": "<Tag - headphones, category: BA>",
    "action_flag": 1,
    "change_message": "[{\"added\": {}}]"
  }
},
{
  "model": "admin.logentry",
  "pk": 107,
  "fields": {
    "action_time": "2025-11-15T04:05:22.208Z",
    "user": 1,
    "content_type": 19,
    "object_id": "80",
    "object_repr": "<Tag - sunlight, category: BA>",
    "action_flag": 1,
    "change_message": "[{\"added\": {}}]"
  }
},
{
  "model": "admin.logentry",
  "pk": 108,
  "fields": {
    "action_time": "2025-11-15T04:09:38.827Z",
    "user": 1,
    "content_type": 21,
    "object_id": "26",
    "object_repr": "<Post - uploader: , posted: 2025-11-15 04:09:23.487272+00:00>",
    "action_flag": 2,
    "change_message": "[{\"changed\": {\"fields\": [\"Tags\"]}}]"
  }
},
{
  "model": "admin.logentry",
  "pk": 109,
  "fields": {
    "action_time": "2025-11-15T04:12:58.977Z",
    "user": 1,
    "content_type": 19,
    "object_id": "81",
    "object_repr": "<Tag - sky, category: BA>",
    "action_flag": 1,
    "change_message": "[{\"added\": {}}]"
  }
},
{
  "model": "admin.logentry",
  "pk": 110,
  "fields": {
    "action_time": "2025-11-15T04:14:19.014Z",
    "user": 1,
    "content_type": 19,
    "object_id": "82",
    "object_repr": "<Tag - illustration, category: BA>",
    "action_flag": 1,
    "change_message": "[{\"added\": {}}]"
  }
},
{
  "model": "admin.logentry",
  "pk": 111,
  "fields": {
    "action_time": "2025-11-15T04:15:08.577Z",
    "user": 1,
    "content_type": 19,
    "object_id": "83",
    "object_repr": "<Tag - mountain, category: BA>",
    "action_flag": 1,
    "change_message": "[{\"added\": {}}]"
  }
},
{
  "model": "admin.logentry",
  "pk": 112,
  "fields": {
    "action_time": "2025-11-15T04:15:39.480Z",
    "user": 1,
    "content_type": 19,
    "object_id": "84",
    "object_repr": "<Tag - sketch, category: BA>",
    "action_flag": 1,
    "change_message": "[{\"added\": {}}]"
  }
},
{
  "model": "admin.logentry",
  "pk": 113,
  "fields": {
    "action_time": "2025-11-15T04:16:49.916Z",
    "user": 1,
    "content_type": 19,
    "object_id": "85",
    "object_repr": "<Tag - flower, category: BA>",
    "action_flag": 1,
    "change_message": "[{\"added\": {}}]"
  }
},
{
  "model": "admin.logentry",
  "pk": 114,
  "fields": {
    "action_time": "2025-11-15T04:17:13.477Z",
    "user": 1,
    "content_type": 19,
    "object_id": "86",
    "object_repr": "<Tag - pear, category: BA>",
    "action_flag": 1,
    "change_message": "[{\"added\": {}}]"
  }
},
{
  "model": "admin.logentry",
  "pk": 115,
  "fields": {
    "action_time": "2025-11-15T04:18:10.033Z",
    "user": 1,
    "content_type": 19,
    "object_id": "87",
    "object_repr": "<Tag - green_background, category: BA>",
    "action_flag": 1,
    "change_message": "[{\"added\": {}}]"
  }
},
{
  "model": "admin.logentry",
  "pk": 116,
  "fields": {
    "action_time": "2025-11-15T04:18:23.054Z",
    "user": 1,
    "content_type": 19,
    "object_id": "88",
    "object_repr": "<Tag - fruit, category: BA>",
    "action_flag": 1,
    "change_message": "[{\"added\": {}}]"
  }
},
{
  "model": "admin.logentry",
  "pk": 117,
  "fields": {
    "action_time": "2025-11-15T04:18:50.865Z",
    "user": 1,
    "content_type": 19,
    "object_id": "89",
    "object_repr": "<Tag - black_background, category: BA>",
    "action_flag": 1,
    "change_message": "[{\"added\": {}}]"
  }
},
{
  "model": "admin.logentry",
  "pk": 118,
  "fields": {
    "action_time": "2025-11-15T04:19:43.857Z",
    "user": 1,
    "content_type": 19,
    "object_id": "90",
    "object_repr": "<Tag - smile, category: BA>",
    "action_flag": 1,
    "change_message": "[{\"added\": {}}]"
  }
},
{
  "model": "admin.logentry",
  "pk": 119,
  "fields": {
    "action_time": "2025-11-15T04:25:07.773Z",
    "user": 1,
    "content_type": 19,
    "object_id": "91",
    "object_repr": "<Tag - mountains, category: BA>",
    "action_flag": 1,
    "change_message": "[{\"added\": {}}]"
  }
},
{
  "model": "admin.logentry",
  "pk": 120,
  "fields": {
    "action_time": "2025-11-15T04:30:24.475Z",
    "user": 1,
    "content_type": 19,
    "object_id": "92",
    "object_repr": "<Tag - mushrooms, category: BA>",
    "action_flag": 1,
    "change_message": "[{\"added\": {}}]"
  }
},
{
  "model": "admin.logentry",
  "pk": 121,
  "fields": {
    "action_time": "2025-11-15T04:30:34.229Z",
    "user": 1,
    "content_type": 19,
    "object_id": "93",
    "object_repr": "<Tag - fungi, category: BA>",
    "action_flag": 1,
    "change_message": "[{\"added\": {}}]"
  }
},
{
  "model": "admin.logentry",
  "pk": 122,
  "fields": {
    "action_time": "2025-11-15T04:31:24.480Z",
    "user": 1,
    "content_type": 19,
    "object_id": "94",
    "object_repr": "<Tag - white, category: BA>",
    "action_flag": 1,
    "change_message": "[{\"added\": {}}]"
  }
},
{
  "model": "admin.logentry",
  "pk": 123,
  "fields": {
    "action_time": "2025-11-15T04:31:52.705Z",
    "user": 1,
    "content_type": 19,
    "object_id": "95",
    "object_repr": "<Tag - window, category: BA>",
    "action_flag": 1,
    "change_message": "[{\"added\": {}}]"
  }
},
{
  "model": "admin.logentry",
  "pk": 124,
  "fields": {
    "action_time": "2025-11-15T04:35:20.111Z",
    "user": 1,
    "content_type": 19,
    "object_id": "8",
    "object_repr": "<Tag - brack, category: AR>",
    "action_flag": 3,
    "change_message": ""
  }
},
{
  "model": "admin.logentry",
  "pk": 125,
  "fields": {
    "action_time": "2025-11-15T04:35:36.713Z",
    "user": 1,
    "content_type": 19,
    "object_id": "9",
    "object_repr": "<Tag - onion_little, category: AR>",
    "action_flag": 3,
    "change_message": ""
  }
},
{
  "model": "admin.logentry",
  "pk": 126,
  "fields": {
    "action_time": "2025-11-15T04:35:49.686Z",
    "user": 1,
    "content_type": 19,
    "object_id": "35",
    "object_repr": "<Tag - Rikki_Chan, category: AR>",
    "action_flag": 2,
    "change_message": "[{\"changed\": {\"fields\": [\"Name\"]}}]"
  }
},
{
  "model": "admin.logentry",
  "pk": 127,
  "fields": {
    "action_time": "2025-11-15T04:36:08.123Z",
    "user": 1,
    "content_type": 19,
    "object_id": "34",
    "object_repr": "<Tag - Marc_Kleen, category: AR>",
    "action_flag": 2,
    "change_message": "[{\"changed\": {\"fields\": [\"Name\"]}}]"
  }
},
{
  "model": "admin.logentry",
  "pk": 128,
  "fields": {
    "action_time": "2025-11-15T04:49:32.375Z",
    "user": 1,
    "content_type": 19,
    "object_id": "96",
    "object_repr": "<Tag - tram_tracks, category: BA>",
    "action_flag": 1,
    "change_message": "[{\"added\": {}}]"
  }
},
{
  "model": "admin.logentry",
  "pk": 129,
  "fields": {
    "action_time": "2025-11-15T04:49:45.496Z",
    "user": 1,
    "content_type": 19,
    "object_id": "97",
    "object_repr": "<Tag - railing, category: BA>",
    "action_flag": 1,
    "change_message": "[{\"added\": {}}]"
  }
},
{
  "model": "admin.logentry",
  "pk": 130,
  "fields": {
    "action_time": "2025-11-15T04:50:48.994Z",
    "user": 1,
    "content_type": 19,
    "object_id": "98",
    "object_repr": "<Tag - bus, category: BA>",
    "action_flag": 1,
    "change_message": "[{\"added\": {}}]"
  }
},
{
  "model": "admin.logentry",
  "pk": 131,
  "fields": {
    "action_time": "2025-11-15T04:51:22.911Z",
    "user": 1,
    "content_type": 19,
    "object_id": "99",
    "object_repr": "<Tag - tram, category: BA>",
    "action_flag": 1,
    "change_message": "[{\"added\": {}}]"
  }
},
{
  "model": "admin.logentry",
  "pk": 132,
  "fields": {
    "action_time": "2025-11-15T04:51:33.764Z",
    "user": 1,
    "content_type": 19,
    "object_id": "100",
    "object_repr": "<Tag - buildings, category: BA>",
    "action_flag": 1,
    "change_message": "[{\"added\": {}}]"
  }
},
{
  "model": "admin.logentry",
  "pk": 133,
  "fields": {
    "action_time": "2025-11-15T04:54:05.541Z",
    "user": 1,
    "content_type": 19,
    "object_id": "101",
    "object_repr": "<Tag - windows, category: BA>",
    "action_flag": 1,
    "change_message": "[{\"added\": {}}]"
  }
},
{
  "model": "admin.logentry",
  "pk": 134,
  "fields": {
    "action_time": "2025-11-15T04:55:38.156Z",
    "user": 1,
    "content_type": 19,
    "object_id": "102",
    "object_repr": "<Tag - dog, category: BA>",
    "action_flag": 1,
    "change_message": "[{\"added\": {}}]"
  }
},
{
  "model": "admin.logentry",
  "pk": 135,
  "fields": {
    "action_time": "2025-11-15T04:57:04.480Z",
    "user": 1,
    "content_type": 19,
    "object_id": "103",
    "object_repr": "<Tag - blue_hat, category: BA>",
    "action_flag": 1,
    "change_message": "[{\"added\": {}}]"
  }
},
{
  "model": "admin.logentry",
  "pk": 136,
  "fields": {
    "action_time": "2025-11-15T04:57:26.498Z",
    "user": 1,
    "content_type": 19,
    "object_id": "104",
    "object_repr": "<Tag - doors, category: BA>",
    "action_flag": 1,
    "change_message": "[{\"added\": {}}]"
  }
},
{
  "model": "admin.logentry",
  "pk": 137,
  "fields": {
    "action_time": "2025-11-15T04:59:20.609Z",
    "user": 1,
    "content_type": 19,
    "object_id": "105",
    "object_repr": "<Tag - traffic_lights, category: BA>",
    "action_flag": 1,
    "change_message": "[{\"added\": {}}]"
  }
},
{
  "model": "admin.logentry",
  "pk": 138,
  "fields": {
    "action_time": "2025-11-15T05:03:03.571Z",
    "user": 1,
    "content_type": 19,
    "object_id": "55",
    "object_repr": "<Tag - Annie_Spratt, category: AR>",
    "action_flag": 2,
    "change_message": "[{\"changed\": {\"fields\": [\"Name\"]}}]"
  }
},
{
  "model": "admin.logentry",
  "pk": 139,
  "fields": {
    "action_time": "2025-11-15T05:03:46.508Z",
    "user": 1,
    "content_type": 19,
    "object_id": "46",
    "object_repr": "<Tag - wristwatch, category: BA>",
    "action_flag": 2,
    "change_message": "[{\"changed\": {\"fields\": [\"Name\"]}}]"
  }
},
{
  "model": "tesys_tagboard.tag",
  "pk": 1,
  "fields": {
    "name": "red",
    "category": "BA",
    "description": "",
    "rating_level": 0
  }
},
{
  "model": "tesys_tagboard.tag",
  "pk": 2,
  "fields": {
    "name": "orange",
    "category": "BA",
    "description": "",
    "rating_level": 0
  }
},
{
  "model": "tesys_tagboard.tag",
  "pk": 3,
  "fields": {
    "name": "yellow",
    "category": "BA",
    "description": "",
    "rating_level": 0
  }
},
{
  "model": "tesys_tagboard.tag",
  "pk": 4,
  "fields": {
    "name": "green",
    "category": "BA",
    "description": "",
    "rating_level": 0
  }
},
{
  "model": "tesys_tagboard.tag",
  "pk": 5,
  "fields": {
    "name": "blue",
    "category": "BA",
    "description": "",
    "rating_level": 0
  }
},
{
  "model": "tesys_tagboard.tag",
  "pk": 6,
  "fields": {
    "name": "indigo",
    "category": "BA",
    "description": "",
    "rating_level": 0
  }
},
{
  "model": "tesys_tagboard.tag",
  "pk": 7,
  "fields": {
    "name": "violet",
    "category": "BA",
    "description": "",
    "rating_level": 0
  }
},
{
  "model": "tesys_tagboard.tag",
  "pk": 10,
  "fields": {
    "name": "public_domain",
    "category": "CO",
    "description": "",
    "rating_level": 0
  }
},
{
  "model": "tesys_tagboard.tag",
  "pk": 11,
  "fields": {
    "name": "CC_BY",
    "category": "CO",
    "description": "Creative Commons\r\nSee: https://creativecommons.org/share-your-work/cclicenses/",
    "rating_level": 0
  }
},
{
  "model": "tesys_tagboard.tag",
  "pk": 12,
  "fields": {
    "name": "CC_BY_SA",
    "category": "CO",
    "description": "Creative Commons\r\nSee: https://creativecommons.org/share-your-work/cclicenses/",
    "rating_level": 0
  }
},
{
  "model": "tesys_tagboard.tag",
  "pk": 13,
  "fields": {
    "name": "CC_BY_NC",
    "category": "CO",
    "description": "Creative Commons\r\nSee: https://creativecommons.org/share-your-work/cclicenses/",
    "rating_level": 0
  }
},
{
  "model": "tesys_tagboard.tag",
  "pk": 14,
  "fields": {
    "name": "pixabay",
    "category": "CO",
    "description": "Pixabay license\r\nSee: https://pixabay.com/service/license-summary/",
    "rating_level": 0
  }
},
{
  "model": "tesys_tagboard.tag",
  "pk": 15,
  "fields": {
    "name": "unsplash",
    "category": "CO",
    "description": "Unsplash license\r\nSee: https://unsplash.com/license",
    "rating_level": 0
  }
},
{
  "model": "tesys_tagboard.tag",
  "pk": 16,
  "fields": {
    "name": "bicycle",
    "category": "BA",
    "description": "",
    "rating_level": 0
  }
},
{
  "model": "tesys_tagboard.tag",
  "pk": 17,
  "fields": {
    "name": "trees",
    "category": "BA",
    "description": "",
    "rating_level": 0
  }
},
{
  "model": "tesys_tagboard.tag",
  "pk": 18,
  "fields": {
    "name": "road",
    "category": "BA",
    "description": "",
    "rating_level": 0
  }
},
{
  "model": "tesys_tagboard.tag",
  "pk": 19,
  "fields": {
    "name": "bricks",
    "category": "BA",
    "description": "",
    "rating_level": 0
  }
},
{
  "model": "tesys_tagboard.tag",
  "pk": 20,
  "fields": {
    "name": "fog",
    "category": "BA",
    "description": "",
    "rating_level": 0
  }
},
{
  "model": "tesys_tagboard.tag",
  "pk": 21,
  "fields": {
    "name": "Netherlands",
    "category": "BA",
    "description": "",
    "rating_level": 0
  }
},
{
  "model": "tesys_tagboard.tag",
  "pk": 22,
  "fields": {
    "name": "Fer_Troulik",
    "category": "AR",
    "description": "https://unsplash.com/@fertroulik",
    "rating_level": 0
  }
},
{
  "model": "tesys_tagboard.tag",
  "pk": 23,
  "fields": {
    "name": "bike_garage",
    "category": "BA",
    "description": "",
    "rating_level": 0
  }
},
{
  "model": "tesys_tagboard.tag",
  "pk": 24,
  "fields": {
    "name": "sign",
    "category": "BA",
    "description": "",
    "rating_level": 0
  }
},
{
  "model": "tesys_tagboard.tag",
  "pk": 25,
  "fields": {
    "name": "grayscale",
    "category": "BA",
    "description": "",
    "rating_level": 0
  }
},
{
  "model": "tesys_tagboard.tag",
  "pk": 26,
  "fields": {
    "name": "train",
    "category": "BA",
    "description": "",
    "rating_level": 0
  }
},
{
  "model": "tesys_tagboard.tag",
  "pk": 27,
  "fields": {
    "name": "underground",
    "category": "BA",
    "description": "",
    "rating_level": 0
  }
},
{
  "model": "tesys_tagboard.tag",
  "pk": 28,
  "fields": {
    "name": "subway",
    "category": "BA",
    "description": "",
    "rating_level": 0
  }
},
{
  "model": "tesys_tagboard.tag",
  "pk": 29,
  "fields": {
    "name": "transportation",
    "category": "BA",
    "description": "",
    "rating_level": 0
  }
},
{
  "model": "tesys_tagboard.tag",
  "pk": 30,
  "fields": {
    "name": "staircase",
    "category": "BA",
    "description": "",
    "rating_level": 0
  }
},
{
  "model": "tesys_tagboard.tag",
  "pk": 31,
  "fields": {
    "name": "stairs",
    "category": "BA",
    "description": "",
    "rating_level": 0
  }
},
{
  "model": "tesys_tagboard.tag",
  "pk": 32,
  "fields": {
    "name": "building",
    "category": "BA",
    "description": "",
    "rating_level": 0
  }
},
{
  "model": "tesys_tagboard.tag",
  "pk": 33,
  "fields": {
    "name": "urban",
    "category": "BA",
    "description": "",
    "rating_level": 0
  }
},
{
  "model": "tesys_tagboard.tag",
  "pk": 34,
  "fields": {
    "name": "Marc_Kleen",
    "category": "AR",
    "description": "See https://unsplash.com/@marckleen",
    "rating_level": 0
  }
},
{
  "model": "tesys_tagboard.tag",
  "pk": 35,
  "fields": {
    "name": "Rikki_Chan",
    "category": "AR",
    "description": "See https://unsplash.com/@rikkichan89",
    "rating_level": 0
  }
},
{
  "model": "tesys_tagboard.tag",
  "pk": 36,
  "fields": {
    "name": "train_station",
    "category": "BA",
    "description": "",
    "rating_level": 0
  }
},
{
  "model": "tesys_tagboard.tag",
  "pk": 37,
  "fields": {
    "name": "clock",
    "category": "BA",
    "description": "",
    "rating_level": 0
  }
},
{
  "model": "tesys_tagboard.tag",
  "pk": 38,
  "fields": {
    "name": "bench",
    "category": "BA",
    "description": "",
    "rating_level": 0
  }
},
{
  "model": "tesys_tagboard.tag",
  "pk": 39,
  "fields": {
    "name": "shadows",
    "category": "BA",
    "description": "",
    "rating_level": 0
  }
},
{
  "model": "tesys_tagboard.tag",
  "pk": 40,
  "fields": {
    "name": "Kyiv",
    "category": "BA",
    "description": "Kyiv, ",
    "rating_level": 0
  }
},
{
  "model": "tesys_tagboard.tag",
  "pk": 41,
  "fields": {
    "name": "books",
    "category": "BA",
    "description": "",
    "rating_level": 0
  }
},
{
  "model": "tesys_tagboard.tag",
  "pk": 42,
  "fields": {
    "name": "book_shop",
    "category": "BA",
    "description": "",
    "rating_level": 0
  }
},
{
  "model": "tesys_tagboard.tag",
  "pk": 43,
  "fields": {
    "name": "library",
    "category": "BA",
    "description": "",
    "rating_level": 0
  }
},
{
  "model": "tesys_tagboard.tag",
  "pk": 44,
  "fields": {
    "name": "Olena_Bohovyk",
    "category": "AR",
    "description": "See https://unsplash.com/@olenkasergienko",
    "rating_level": 0
  }
},
{
  "model": "tesys_tagboard.tag",
  "pk": 45,
  "fields": {
    "name": "black_pants",
    "category": "BA",
    "description": "",
    "rating_level": 0
  }
},
{
  "model": "tesys_tagboard.tag",
  "pk": 46,
  "fields": {
    "name": "wristwatch",
    "category": "BA",
    "description": "",
    "rating_level": 0
  }
},
{
  "model": "tesys_tagboard.tag",
  "pk": 47,
  "fields": {
    "name": "ring",
    "category": "BA",
    "description": "",
    "rating_level": 0
  }
},
{
  "model": "tesys_tagboard.tag",
  "pk": 48,
  "fields": {
    "name": "book",
    "category": "BA",
    "description": "",
    "rating_level": 0
  }
},
{
  "model": "tesys_tagboard.tag",
  "pk": 49,
  "fields": {
    "name": "tattoo",
    "category": "BA",
    "description": "",
    "rating_level": 0
  }
},
{
  "model": "tesys_tagboard.tag",
  "pk": 50,
  "fields": {
    "name": "handstand",
    "category": "BA",
    "description": "",
    "rating_level": 0
  }
},
{
  "model": "tesys_tagboard.tag",
  "pk": 51,
  "fields": {
    "name": "beach",
    "category": "BA",
    "description": "",
    "rating_level": 0
  }
},
{
  "model": "tesys_tagboard.tag",
  "pk": 52,
  "fields": {
    "name": "sunset",
    "category": "BA",
    "description": "",
    "rating_level": 0
  }
},
{
  "model": "tesys_tagboard.tag",
  "pk": 53,
  "fields": {
    "name": "sand",
    "category": "BA",
    "description": "",
    "rating_level": 0
  }
},
{
  "model": "tesys_tagboard.tag",
  "pk": 54,
  "fields": {
    "name": "footprints",
    "category": "BA",
    "description": "",
    "rating_level": 0
  }
},
{
  "model": "tesys_tagboard.tag",
  "pk": 55,
  "fields": {
    "name": "Annie_Spratt",
    "category": "AR",
    "description": "",
    "rating_level": 0
  }
},
{
  "model": "tesys_tagboard.tag",
  "pk": 56,
  "fields": {
    "name": "lord_of_the_rings",
    "category": "BA",
    "description": "",
    "rating_level": 0
  }
},
{
  "model": "tesys_tagboard.tag",
  "pk": 57,
  "fields": {
    "name": "white_pants",
    "category": "BA",
    "description": "",
    "rating_level": 0
  }
},
{
  "model": "tesys_tagboard.tag",
  "pk": 58,
  "fields": {
    "name": "neon_lights",
    "category": "BA",
    "description": "",
    "rating_level": 0
  }
},
{
  "model": "tesys_tagboard.tag",
  "pk": 59,
  "fields": {
    "name": "bridge",
    "category": "BA",
    "description": "",
    "rating_level": 0
  }
},
{
  "model": "tesys_tagboard.tag",
  "pk": 60,
  "fields": {
    "name": "street",
    "category": "BA",
    "description": "",
    "rating_level": 0
  }
},
{
  "model": "tesys_tagboard.tag",
  "pk": 61,
  "fields": {
    "name": "crosswalk",
    "category": "BA",
    "description": "",
    "rating_level": 0
  }
},
{
  "model": "tesys_tagboard.tag",
  "pk": 62,
  "fields": {
    "name": "sidewalk",
    "category": "BA",
    "description": "",
    "rating_level": 0
  }
},
{
  "model": "tesys_tagboard.tag",
  "pk": 63,
  "fields": {
    "name": "bollards",
    "category": "BA",
    "description": "",
    "rating_level": 0
  }
},
{
  "model": "tesys_tagboard.tag",
  "pk": 64,
  "fields": {
    "name": "baguettes",
    "category": "BA",
    "description": "",
    "rating_level": 0
  }
},
{
  "model": "tesys_tagboard.tag",
  "pk": 65,
  "fields": {
    "name": "fence",
    "category": "BA",
    "description": "",
    "rating_level": 0
  }
},
{
  "model": "tesys_tagboard.tag",
  "pk": 66,
  "fields": {
    "name": "hat",
    "category": "BA",
    "description": "",
    "rating_level": 0
  }
},
{
  "model": "tesys_tagboard.tag",
  "pk": 67,
  "fields": {
    "name": "newspaper",
    "category": "BA",
    "description": "",
    "rating_level": 0
  }
},
{
  "model": "tesys_tagboard.tag",
  "pk": 68,
  "fields": {
    "name": "brown_hair",
    "category": "BA",
    "description": "",
    "rating_level": 0
  }
},
{
  "model": "tesys_tagboard.tag",
  "pk": 69,
  "fields": {
    "name": "pub",
    "category": "BA",
    "description": "",
    "rating_level": 0
  }
},
{
  "model": "tesys_tagboard.tag",
  "pk": 70,
  "fields": {
    "name": "Poland",
    "category": "BA",
    "description": "",
    "rating_level": 0
  }
},
{
  "model": "tesys_tagboard.tag",
  "pk": 71,
  "fields": {
    "name": "cafe",
    "category": "BA",
    "description": "",
    "rating_level": 0
  }
},
{
  "model": "tesys_tagboard.tag",
  "pk": 72,
  "fields": {
    "name": "chairs",
    "category": "BA",
    "description": "",
    "rating_level": 0
  }
},
{
  "model": "tesys_tagboard.tag",
  "pk": 73,
  "fields": {
    "name": "rain",
    "category": "BA",
    "description": "",
    "rating_level": 0
  }
},
{
  "model": "tesys_tagboard.tag",
  "pk": 74,
  "fields": {
    "name": "cars",
    "category": "BA",
    "description": "",
    "rating_level": 0
  }
},
{
  "model": "tesys_tagboard.tag",
  "pk": 75,
  "fields": {
    "name": "snow",
    "category": "BA",
    "description": "",
    "rating_level": 0
  }
},
{
  "model": "tesys_tagboard.tag",
  "pk": 76,
  "fields": {
    "name": "water",
    "category": "BA",
    "description": "",
    "rating_level": 0
  }
},
{
  "model": "tesys_tagboard.tag",
  "pk": 77,
  "fields": {
    "name": "car",
    "category": "BA",
    "description": "",
    "rating_level": 0
  }
},
{
  "model": "tesys_tagboard.tag",
  "pk": 78,
  "fields": {
    "name": "tracks",
    "category": "BA",
    "description": "",
    "rating_level": 0
  }
},
{
  "model": "tesys_tagboard.tag",
  "pk": 79,
  "fields": {
    "name": "headphones",
    "category": "BA",
    "description": "",
    "rating_level": 0
  }
},
{
  "model": "tesys_tagboard.tag",
  "pk": 80,
  "fields": {
    "name": "sunlight",
    "category": "BA",
    "description": "",
    "rating_level": 0
  }
},
{
  "model": "tesys_tagboard.tag",
  "pk": 81,
  "fields": {
    "name": "sky",
    "category": "BA",
    "description": "",
    "rating_level": 0
  }
},
{
  "model": "tesys_tagboard.tag",
  "pk": 82,
  "fields": {
    "name": "illustration",
    "category": "BA",
    "description": "",
    "rating_level": 0
  }
},
{
  "model": "tesys_tagboard.tag",
  "pk": 83,
  "fields": {
    "name": "mountain",
    "category": "BA",
    "description": "",
    "rating_level": 0
  }
},
{
  "model": "tesys_tagboard.tag",
  "pk": 84,
  "fields": {
    "name": "sketch",
    "category": "BA",
    "description": "",
    "rating_level": 0
  }
},
{
  "model": "tesys_tagboard.tag",
  "pk": 85,
  "fields": {
    "name": "flower",
    "category": "BA",
    "description": "",
    "rating_level": 0
  }
},
{
  "model": "tesys_tagboard.tag",
  "pk": 86,
  "fields": {
    "name": "pear",
    "category": "BA",
    "description": "",
    "rating_level": 0
  }
},
{
  "model": "tesys_tagboard.tag",
  "pk": 87,
  "fields": {
    "name": "green_background",
    "category": "BA",
    "description": "",
    "rating_level": 0
  }
},
{
  "model": "tesys_tagboard.tag",
  "pk": 88,
  "fields": {
    "name": "fruit",
    "category": "BA",
    "description": "",
    "rating_level": 0
  }
},
{
  "model": "tesys_tagboard.tag",
  "pk": 89,
  "fields": {
    "name": "black_background",
    "category": "BA",
    "description": "",
    "rating_level": 0
  }
},
{
  "model": "tesys_tagboard.tag",
  "pk": 90,
  "fields": {
    "name": "smile",
    "category": "BA",
    "description": "",
    "rating_level": 0
  }
},
{
  "model": "tesys_tagboard.tag",
  "pk": 91,
  "fields": {
    "name": "mountains",
    "category": "BA",
    "description": "",
    "rating_level": 0
  }
},
{
  "model": "tesys_tagboard.tag",
  "pk": 92,
  "fields": {
    "name": "mushrooms",
    "category": "BA",
    "description": "",
    "rating_level": 0
  }
},
{
  "model": "tesys_tagboard.tag",
  "pk": 93,
  "fields": {
    "name": "fungi",
    "category": "BA",
    "description": "",
    "rating_level": 0
  }
},
{
  "model": "tesys_tagboard.tag",
  "pk": 94,
  "fields": {
    "name": "white",
    "category": "BA",
    "description": "",
    "rating_level": 0
  }
},
{
  "model": "tesys_tagboard.tag",
  "pk": 95,
  "fields": {
    "name": "window",
    "category": "BA",
    "description": "",
    "rating_level": 0
  }
},
{
  "model": "tesys_tagboard.tag",
  "pk": 96,
  "fields": {
    "name": "tram_tracks",
    "category": "BA",
    "description": "",
    "rating_level": 0
  }
},
{
  "model": "tesys_tagboard.tag",
  "pk": 97,
  "fields": {
    "name": "railing",
    "category": "BA",
    "description": "",
    "rating_level": 0
  }
},
{
  "model": "tesys_tagboard.tag",
  "pk": 98,
  "fields": {
    "name": "bus",
    "category": "BA",
    "description": "",
    "rating_level": 0
  }
},
{
  "model": "tesys_tagboard.tag",
  "pk": 99,
  "fields": {
    "name": "tram",
    "category": "BA",
    "description": "",
    "rating_level": 0
  }
},
{
  "model": "tesys_tagboard.tag",
  "pk": 100,
  "fields": {
    "name": "buildings",
    "category": "BA",
    "description": "",
    "rating_level": 0
  }
},
{
  "model": "tesys_tagboard.tag",
  "pk": 101,
  "fields": {
    "name": "windows",
    "category": "BA",
    "description": "",
    "rating_level": 0
  }
},
{
  "model": "tesys_tagboard.tag",
  "pk": 102,
  "fields": {
    "name": "dog",
    "category": "BA",
    "description": "",
    "rating_level": 0
  }
},
{
  "model": "tesys_tagboard.tag",
  "pk": 103,
  "fields": {
    "name": "blue_hat",
    "category": "BA",
    "description": "",
    "rating_level": 0
  }
},
{
  "model": "tesys_tagboard.tag",
  "pk": 104,
  "fields": {
    "name": "doors",
    "category": "BA",
    "description": "",
    "rating_level": 0
  }
},
{
  "model": "tesys_tagboard.tag",
  "pk": 105,
  "fields": {
    "name": "traffic_lights",
    "category": "BA",
    "description": "",
    "rating_level": 0
  }
},
{
  "model": "tesys_tagboard.tagalias",
  "pk": 1,
  "fields": {
    "name": "bike",
    "tag": 16
  }
},
{
  "model": "tesys_tagboard.tagalias",
  "pk": 2,
  "fields": {
    "name": "greyscale",
    "tag": 25
  }
},
{
  "model": "tesys_tagboard.media",
  "pk": 9,
  "fields": {
    "orig_name": "fer-troulik-jC_ewVSpYeo-unsplash.jpg",
    "type": "JPEG",
    "upload_date": "2025-11-15T02:21:49.469Z",
    "edit_date": "2025-11-15T02:21:49.469Z",
    "src_url": ""
  }
},
{
  "model": "tesys_tagboard.media",
  "pk": 10,
  "fields": {
    "orig_name": "fer-troulik-DWv_jcGE3hE-unsplash.jpg",
    "type": "JPEG",
    "upload_date": "2025-11-15T02:30:04.831Z",
    "edit_date": "2025-11-15T02:30:04.831Z",
    "src_url": ""
  }
},
{
  "model": "tesys_tagboard.media",
  "pk": 11,
  "fields": {
    "orig_name": "marc-kleen-Hg5-RwwjHu0-unsplash.jpg",
    "type": "JPEG",
    "upload_date": "2025-11-15T02:36:06.023Z",
    "edit_date": "2025-11-15T02:36:06.023Z",
    "src_url": "https://unsplash.com/photos/close-up-photography-of-bicycles-Hg5-RwwjHu0"
  }
},
{
  "model": "tesys_tagboard.media",
  "pk": 12,
  "fields": {
    "orig_name": "rikki-chan-_k31aFqnmTM-unsplash.jpg",
    "type": "JPEG",
    "upload_date": "2025-11-15T02:37:17.618Z",
    "edit_date": "2025-11-15T02:37:17.618Z",
    "src_url": ""
  }
},
{
  "model": "tesys_tagboard.media",
  "pk": 13,
  "fields": {
    "orig_name": "fer-troulik-MHeP5iknIgw-unsplash.jpg",
    "type": "JPEG",
    "upload_date": "2025-11-15T02:43:44.088Z",
    "edit_date": "2025-11-15T02:43:44.088Z",
    "src_url": "https://unsplash.com/photos/red-structural-railway-station-MHeP5iknIgw"
  }
},
{
  "model": "tesys_tagboard.media",
  "pk": 14,
  "fields": {
    "orig_name": "olena-bohovyk-Ft_Wn-K5YH8-unsplash.jpg",
    "type": "JPEG",
    "upload_date": "2025-11-15T03:00:36.965Z",
    "edit_date": "2025-11-15T03:00:36.966Z",
    "src_url": "https://unsplash.com/photos/books-on-brown-wooden-shelf-Ft_Wn-K5YH8"
  }
},
{
  "model": "tesys_tagboard.media",
  "pk": 15,
  "fields": {
    "orig_name": "olena-bohovyk-GJ5QXI_vB4o-unsplash.jpg",
    "type": "JPEG",
    "upload_date": "2025-11-15T03:08:42.869Z",
    "edit_date": "2025-11-15T03:08:42.869Z",
    "src_url": "https://unsplash.com/photos/a-person-sitting-in-a-chair-holding-a-book-GJ5QXI_vB4o"
  }
},
{
  "model": "tesys_tagboard.media",
  "pk": 16,
  "fields": {
    "orig_name": "marc-kleen-Jo025H0ILaM-unsplash.jpg",
    "type": "JPEG",
    "upload_date": "2025-11-15T03:17:11.053Z",
    "edit_date": "2025-11-15T03:17:11.053Z",
    "src_url": "https://unsplash.com/photos/person-near-body-of-water-during-golden-hour-Jo025H0ILaM"
  }
},
{
  "model": "tesys_tagboard.media",
  "pk": 17,
  "fields": {
    "orig_name": "annie-spratt-Xa57CFEv5ko-unsplash.jpg",
    "type": "JPEG",
    "upload_date": "2025-11-15T03:22:17.640Z",
    "edit_date": "2025-11-15T03:22:17.640Z",
    "src_url": "https://unsplash.com/photos/photography-of-person-holding-book-Xa57CFEv5ko"
  }
},
{
  "model": "tesys_tagboard.media",
  "pk": 18,
  "fields": {
    "orig_name": "olena-bohovyk-2ObffVltX6g-unsplash.jpg",
    "type": "JPEG",
    "upload_date": "2025-11-15T03:25:15.321Z",
    "edit_date": "2025-11-15T03:25:15.321Z",
    "src_url": "https://unsplash.com/photos/a-woman-sitting-on-a-bench-in-front-of-a-neon-sign-2ObffVltX6g"
  }
},
{
  "model": "tesys_tagboard.media",
  "pk": 19,
  "fields": {
    "orig_name": "marc-kleen-l6FrGXV78vk-unsplash.jpg",
    "type": "JPEG",
    "upload_date": "2025-11-15T03:30:07.098Z",
    "edit_date": "2025-11-15T03:30:07.098Z",
    "src_url": "https://unsplash.com/photos/a-bridge-crossing-over-a-body-of-water-l6FrGXV78vk"
  }
},
{
  "model": "tesys_tagboard.media",
  "pk": 20,
  "fields": {
    "orig_name": "marc-kleen-2hTlFjMzxR0-unsplash.jpg",
    "type": "JPEG",
    "upload_date": "2025-11-15T03:35:22.483Z",
    "edit_date": "2025-11-15T03:35:22.483Z",
    "src_url": "https://unsplash.com/photos/a-woman-walking-down-a-street-next-to-tall-buildings-2hTlFjMzxR0"
  }
},
{
  "model": "tesys_tagboard.media",
  "pk": 21,
  "fields": {
    "orig_name": "olena-bohovyk-pw7z1XCTcnQ-unsplash.jpg",
    "type": "JPEG",
    "upload_date": "2025-11-15T03:40:47.099Z",
    "edit_date": "2025-11-15T03:40:47.099Z",
    "src_url": "https://unsplash.com/photos/a-person-sitting-in-a-chair-pw7z1XCTcnQ"
  }
},
{
  "model": "tesys_tagboard.media",
  "pk": 22,
  "fields": {
    "orig_name": "olena-bohovyk-JSN8MiNKlbk-unsplash.jpg",
    "type": "JPEG",
    "upload_date": "2025-11-15T03:44:44.358Z",
    "edit_date": "2025-11-15T03:44:44.358Z",
    "src_url": "https://unsplash.com/photos/a-restaurant-with-tables-and-chairs-outside-JSN8MiNKlbk"
  }
},
{
  "model": "tesys_tagboard.media",
  "pk": 23,
  "fields": {
    "orig_name": "olena-bohovyk-Oqbw4rjBnXY-unsplash.jpg",
    "type": "JPEG",
    "upload_date": "2025-11-15T03:47:57.034Z",
    "edit_date": "2025-11-15T03:47:57.034Z",
    "src_url": "https://unsplash.com/photos/a-sidewalk-lined-with-parked-cars-next-to-a-tree-Oqbw4rjBnXY"
  }
},
{
  "model": "tesys_tagboard.media",
  "pk": 24,
  "fields": {
    "orig_name": "olena-bohovyk-Ukjz6WWWrjM-unsplash.jpg",
    "type": "JPEG",
    "upload_date": "2025-11-15T03:51:15.728Z",
    "edit_date": "2025-11-15T03:51:15.728Z",
    "src_url": "https://unsplash.com/photos/an-aerial-view-of-a-car-parked-in-the-snow-Ukjz6WWWrjM"
  }
},
{
  "model": "tesys_tagboard.media",
  "pk": 25,
  "fields": {
    "orig_name": "olena-bohovyk-idl3p8OXv3g-unsplash.jpg",
    "type": "JPEG",
    "upload_date": "2025-11-15T04:06:45.355Z",
    "edit_date": "2025-11-15T04:06:45.355Z",
    "src_url": "https://unsplash.com/photos/a-blue-bird-on-a-wire-fence-idl3p8OXv3g"
  }
},
{
  "model": "tesys_tagboard.media",
  "pk": 26,
  "fields": {
    "orig_name": "olena-bohovyk-C-uj0objXlY-unsplash.jpg",
    "type": "JPEG",
    "upload_date": "2025-11-15T04:09:23.471Z",
    "edit_date": "2025-11-15T04:09:23.471Z",
    "src_url": "https://unsplash.com/photos/C-uj0objXlY"
  }
},
{
  "model": "tesys_tagboard.media",
  "pk": 27,
  "fields": {
    "orig_name": "annie-spratt-XFw8bh4v0Jg-unsplash.png",
    "type": "PNG",
    "upload_date": "2025-11-15T04:15:56.063Z",
    "edit_date": "2025-11-15T04:15:56.064Z",
    "src_url": "https://unsplash.com/illustrations/a-detailed-pen-sketch-of-a-mountain-range-XFw8bh4v0Jg"
  }
},
{
  "model": "tesys_tagboard.media",
  "pk": 28,
  "fields": {
    "orig_name": "annie-spratt-9MXmMSdR9zg-unsplash.png",
    "type": "PNG",
    "upload_date": "2025-11-15T04:18:30.384Z",
    "edit_date": "2025-11-15T04:18:30.384Z",
    "src_url": "https://unsplash.com/illustrations/a-halved-green-pear-on-a-light-green-background-9MXmMSdR9zg"
  }
},
{
  "model": "tesys_tagboard.media",
  "pk": 29,
  "fields": {
    "orig_name": "annie-spratt-CsbFknQyHHY-unsplash.png",
    "type": "PNG",
    "upload_date": "2025-11-15T04:21:25.059Z",
    "edit_date": "2025-11-15T04:21:25.059Z",
    "src_url": "https://unsplash.com/illustrations/a-happy-orange-with-a-leaf-on-black-background-CsbFknQyHHY"
  }
},
{
  "model": "tesys_tagboard.media",
  "pk": 30,
  "fields": {
    "orig_name": "annie-spratt-tXJUmFeF1e0-unsplash.png",
    "type": "PNG",
    "upload_date": "2025-11-15T04:28:38.299Z",
    "edit_date": "2025-11-15T04:28:38.299Z",
    "src_url": "https://unsplash.com/illustrations/heres-a-caption-mountains-are-illustrated-in-this-black-and-white-art-tXJUmFeF1e0"
  }
},
{
  "model": "tesys_tagboard.media",
  "pk": 31,
  "fields": {
    "orig_name": "annie-spratt-rynRTSE3ai8-unsplash.png",
    "type": "PNG",
    "upload_date": "2025-11-15T04:32:08.017Z",
    "edit_date": "2025-11-15T04:32:08.017Z",
    "src_url": "https://unsplash.com/illustrations/red-mushrooms-with-white-spots-on-a-green-background-rynRTSE3ai8"
  }
},
{
  "model": "tesys_tagboard.media",
  "pk": 32,
  "fields": {
    "orig_name": "marc-kleen-w7n9zElD4lc-unsplash.jpg",
    "type": "JPEG",
    "upload_date": "2025-11-15T04:50:00.470Z",
    "edit_date": "2025-11-15T04:50:00.470Z",
    "src_url": "https://unsplash.com/photos/a-person-walking-across-a-bridge-on-a-foggy-day-w7n9zElD4lc"
  }
},
{
  "model": "tesys_tagboard.media",
  "pk": 33,
  "fields": {
    "orig_name": "marc-kleen-UAhnKj-2Aj0-unsplash.jpg",
    "type": "JPEG",
    "upload_date": "2025-11-15T04:54:41.011Z",
    "edit_date": "2025-11-15T04:54:41.011Z",
    "src_url": "https://unsplash.com/photos/a-city-street-filled-with-lots-of-traffic-next-to-tall-buildings-UAhnKj-2Aj0"
  }
},
{
  "model": "tesys_tagboard.media",
  "pk": 34,
  "fields": {
    "orig_name": "fer-troulik-dz8ROJjlp3s-unsplash.jpg",
    "type": "JPEG",
    "upload_date": "2025-11-15T04:57:40.180Z",
    "edit_date": "2025-11-15T04:57:40.180Z",
    "src_url": "https://unsplash.com/de/fotos/zwei-menschen-gehen-vor-einem-backsteingebaude-dz8ROJjlp3s"
  }
},
{
  "model": "tesys_tagboard.image",
  "pk": 9,
  "fields": {
    "file": "uploads/2025/11/15/967fcee7-4102-4050-8226-b0edfacf95b3",
    "md5": "486d5f396be6f14fb4a1ab7e08d88dc4",
    "phash": "b92d0bb55be0b189",
    "dhash": "1b181a9a181c9219"
  }
},
{
  "model": "tesys_tagboard.image",
  "pk": 10,
  "fields": {
    "file": "uploads/2025/11/15/a406fb7c-6e6a-4bea-b76e-b13b1a096e45",
    "md5": "b6d373f0ff5d6c19d86ca3b22dc400bb",
    "phash": "c9aed753916fa404",
    "dhash": "6163e6e3bbf071f8"
  }
},
{
  "model": "tesys_tagboard.image",
  "pk": 11,
  "fields": {
    "file": "uploads/2025/11/15/714fb569-033a-4f37-8d82-5cb545097c8f",
    "md5": "d2897b0c203b85a66bb4a1dd2e5086d4",
    "phash": "82cf67c03239d9b6",
    "dhash": "ca633b9dddd0afaa"
  }
},
{
  "model": "tesys_tagboard.image",
  "pk": 12,
  "fields": {
    "file": "uploads/2025/11/15/688f8fbf-0c4e-4e40-9154-d93bae752c26",
    "md5": "fa63224589cb100da3513e5afea91d8e",
    "phash": "95917d9c61955ce4",
    "dhash": "fcf8fafafef4fcf8"
  }
},
{
  "model": "tesys_tagboard.image",
  "pk": 13,
  "fields": {
    "file": "uploads/2025/11/15/a6613080-be61-4879-882d-1ea96e7450ef",
    "md5": "10b8d2fcabd02ffa7e198ea7224f1505",
    "phash": "c1345ac56e2533f9",
    "dhash": "b8a89ae6e3d2b2f9"
  }
},
{
  "model": "tesys_tagboard.image",
  "pk": 14,
  "fields": {
    "file": "uploads/2025/11/15/d338ddc8-94f1-498b-9292-7817841233c8",
    "md5": "1c7d739824dfa27a394d8152c45b6ecb",
    "phash": "b5c3438743f2a8ab",
    "dhash": "c8cc9f9cde9e0e9e"
  }
},
{
  "model": "tesys_tagboard.image",
  "pk": 15,
  "fields": {
    "file": "uploads/2025/11/15/562516b1-e9e0-4dd4-94af-53b033f3f026",
    "md5": "ebab9d71029fbbe42aaef1df3b719e90",
    "phash": "8db3d6c313582de4",
    "dhash": "f8ae373bf3d3f1a4"
  }
},
{
  "model": "tesys_tagboard.image",
  "pk": 16,
  "fields": {
    "file": "uploads/2025/11/15/21bc8823-955d-4746-9cb4-6c9058af6bb5",
    "md5": "40f19974399eaca21c7804cbe8bba3cd",
    "phash": "e6c619595924ce5b",
    "dhash": "f0c8ecccc8cc9696"
  }
},
{
  "model": "tesys_tagboard.image",
  "pk": 17,
  "fields": {
    "file": "uploads/2025/11/15/69029f75-b889-4c79-96c8-773ea126dfad",
    "md5": "dba033d28d5f2f8361618c762796581d",
    "phash": "8c3e3ce0c1677ec8",
    "dhash": "f6737df9d9e5f7f2"
  }
},
{
  "model": "tesys_tagboard.image",
  "pk": 18,
  "fields": {
    "file": "uploads/2025/11/15/b873483e-ae36-4853-9d38-899cbaf3410e",
    "md5": "69d70376a7880e482e5436ece964913c",
    "phash": "d4252d3766b199d2",
    "dhash": "6622b0806d78bc60"
  }
},
{
  "model": "tesys_tagboard.image",
  "pk": 19,
  "fields": {
    "file": "uploads/2025/11/15/07b3c624-5d82-4b0d-b171-dda3596320e5",
    "md5": "b15f8c428a85c580acc824559e3c6a9e",
    "phash": "ba97c5c2ecb59103",
    "dhash": "b0e97c3f799987f2"
  }
},
{
  "model": "tesys_tagboard.image",
  "pk": 20,
  "fields": {
    "file": "uploads/2025/11/15/54b693e4-9f7a-4b7c-8a00-65557c13ed19",
    "md5": "e156e3c1018e1cdb200e6085c4645212",
    "phash": "c6c679b99298ad85",
    "dhash": "60c0c4c4cce7f130"
  }
},
{
  "model": "tesys_tagboard.image",
  "pk": 21,
  "fields": {
    "file": "uploads/2025/11/15/d3528aa1-a759-4329-8603-198adaeeacd4",
    "md5": "28a0535ea6601e05215be953b900a06c",
    "phash": "dd0977401acc23fd",
    "dhash": "28125ab1b2cc1459"
  }
},
{
  "model": "tesys_tagboard.image",
  "pk": 22,
  "fields": {
    "file": "uploads/2025/11/15/9a81e73c-ef55-4bb1-b60e-77f6f5988443",
    "md5": "448b7cf106cfddcd93af3c650203af28",
    "phash": "8cec5a3133ce39d8",
    "dhash": "72a6a2e6bef6e0d8"
  }
},
{
  "model": "tesys_tagboard.image",
  "pk": 23,
  "fields": {
    "file": "uploads/2025/11/15/d6936af4-787c-4f09-bf6b-33e67578a106",
    "md5": "6a7df741d54f92fadd0631c78c034f92",
    "phash": "9939329a9895b6b6",
    "dhash": "b8991e3279f8f878"
  }
},
{
  "model": "tesys_tagboard.image",
  "pk": 24,
  "fields": {
    "file": "uploads/2025/11/15/35cedf49-d9cc-4e44-9e9d-bdd43b7a4df0",
    "md5": "c5efb94af835bd426169948f7949d2a2",
    "phash": "c0a4645038f79fd7",
    "dhash": "94d5ec9eb0e08016"
  }
},
{
  "model": "tesys_tagboard.image",
  "pk": 25,
  "fields": {
    "file": "uploads/2025/11/15/6713c2ca-4fbb-4174-ae2d-e308e4dc276b",
    "md5": "86467d00aae297e367c64a8ee3eb059b",
    "phash": "d2d2e068283f97d9",
    "dhash": "a9d83878706ccac2"
  }
},
{
  "model": "tesys_tagboard.image",
  "pk": 26,
  "fields": {
    "file": "uploads/2025/11/15/97fa8939-002b-431a-b87b-1aee0480e521",
    "md5": "8ad8c03861d623734be685a98c049d13",
    "phash": "e15e14fa8ea5d9a0",
    "dhash": "644e868f8f8b86c6"
  }
},
{
  "model": "tesys_tagboard.image",
  "pk": 27,
  "fields": {
    "file": "uploads/2025/11/15/dfe5b0af-6a90-43e2-8358-7106f2ac7eba",
    "md5": "6e8c62ceca72db98a55e3452c3e7f69b",
    "phash": "bc60c39f3c60c29f",
    "dhash": "0032cc1673c42000"
  }
},
{
  "model": "tesys_tagboard.image",
  "pk": 28,
  "fields": {
    "file": "uploads/2025/11/15/6cb67560-df6e-47d5-8022-eac0859bcb00",
    "md5": "3045ebedda879ce369f58f1286d39138",
    "phash": "cd9636cb98499b31",
    "dhash": "142512b2b26b9206"
  }
},
{
  "model": "tesys_tagboard.image",
  "pk": 29,
  "fields": {
    "file": "uploads/2025/11/15/115b3aac-f937-40f4-af3b-99ad7e686ce7",
    "md5": "0bb2fd6c1d3c1cea3097c3835a9b69d9",
    "phash": "9769789765ce2498",
    "dhash": "601871e0d4e46830"
  }
},
{
  "model": "tesys_tagboard.image",
  "pk": 30,
  "fields": {
    "file": "uploads/2025/11/15/7aa074bd-74e6-45c9-9202-04a17de882ff",
    "md5": "3cde8be00d816905acbbe026be2bf66a",
    "phash": "dfa05fa8c51ae00f",
    "dhash": "80808024d2236164"
  }
},
{
  "model": "tesys_tagboard.image",
  "pk": 31,
  "fields": {
    "file": "uploads/2025/11/15/a35863f4-49e8-4e00-aedf-e5e292fe40b1",
    "md5": "fba0960a447c406b556b6736106a43f2",
    "phash": "c43333c869c637f2",
    "dhash": "32dcc464f4a4a5dd"
  }
},
{
  "model": "tesys_tagboard.image",
  "pk": 32,
  "fields": {
    "file": "uploads/2025/11/15/de087860-aa75-43d4-b440-bd2cad3b7b23",
    "md5": "68b3b8443764fa275670f79b8aa521ac",
    "phash": "c9a55a68b6da2996",
    "dhash": "8ec2f26ac6933078"
  }
},
{
  "model": "tesys_tagboard.image",
  "pk": 33,
  "fields": {
    "file": "uploads/2025/11/15/c2faeb65-aa86-4f88-87e5-6d7bf06ab5a0",
    "md5": "5afd04baf39ee99bf2350399cf8f57cd",
    "phash": "c1c9d0f21632b79e",
    "dhash": "d8f0f2e0e4ce942c"
  }
},
{
  "model": "tesys_tagboard.image",
  "pk": 34,
  "fields": {
    "file": "uploads/2025/11/15/fd0f535c-286e-4250-ac9f-95ab57659486",
    "md5": "af0f471b9936d5c534385c456f815b56",
    "phash": "afd0d02df10f6991",
    "dhash": "84ac2a7717176192"
  }
},
{
  "model": "tesys_tagboard.post",
  "pk": 9,
  "fields": {
    "uploader": 1,
    "post_date": "2025-11-15T02:21:49.601Z",
    "rating_level": 0,
    "tags": [
      32,
      22,
      30,
      31,
      15
    ]
  }
},
{
  "model": "tesys_tagboard.post",
  "pk": 10,
  "fields": {
    "uploader": 1,
    "post_date": "2025-11-15T02:30:04.914Z",
    "rating_level": 0,
    "tags": [
      22,
      24,
      28,
      26,
      27,
      15,
      3
    ]
  }
},
{
  "model": "tesys_tagboard.post",
  "pk": 11,
  "fields": {
    "uploader": 1,
    "post_date": "2025-11-15T02:36:06.041Z",
    "rating_level": 0,
    "tags": [
      16,
      5,
      34,
      18,
      29,
      15
    ]
  }
},
{
  "model": "tesys_tagboard.post",
  "pk": 12,
  "fields": {
    "uploader": 1,
    "post_date": "2025-11-15T02:37:17.670Z",
    "rating_level": 0,
    "tags": [
      16,
      4,
      35,
      18,
      17,
      15
    ]
  }
},
{
  "model": "tesys_tagboard.post",
  "pk": 13,
  "fields": {
    "uploader": 1,
    "post_date": "2025-11-15T02:43:44.149Z",
    "rating_level": 0,
    "tags": [
      38,
      5,
      37,
      22,
      21,
      1,
      39,
      24,
      36
    ]
  }
},
{
  "model": "tesys_tagboard.post",
  "pk": 14,
  "fields": {
    "uploader": 1,
    "post_date": "2025-11-15T03:00:36.983Z",
    "rating_level": 0,
    "tags": [
      41,
      40,
      43,
      44
    ]
  }
},
{
  "model": "tesys_tagboard.post",
  "pk": 15,
  "fields": {
    "uploader": 1,
    "post_date": "2025-11-15T03:08:42.885Z",
    "rating_level": 0,
    "tags": [
      45,
      48,
      44,
      47,
      49,
      15,
      46
    ]
  }
},
{
  "model": "tesys_tagboard.post",
  "pk": 16,
  "fields": {
    "uploader": 1,
    "post_date": "2025-11-15T03:17:11.074Z",
    "rating_level": 1,
    "tags": [
      51,
      5,
      54,
      50,
      34,
      2,
      53,
      39,
      52,
      15
    ]
  }
},
{
  "model": "tesys_tagboard.post",
  "pk": 17,
  "fields": {
    "uploader": 1,
    "post_date": "2025-11-15T03:22:17.753Z",
    "rating_level": 1,
    "tags": [
      55,
      48,
      56,
      1,
      15
    ]
  }
},
{
  "model": "tesys_tagboard.post",
  "pk": 18,
  "fields": {
    "uploader": 1,
    "post_date": "2025-11-15T03:25:15.458Z",
    "rating_level": 1,
    "tags": [
      58,
      44,
      24,
      15,
      57
    ]
  }
},
{
  "model": "tesys_tagboard.post",
  "pk": 19,
  "fields": {
    "uploader": 1,
    "post_date": "2025-11-15T03:30:07.115Z",
    "rating_level": 0,
    "tags": [
      5,
      19,
      59,
      34,
      2,
      1,
      31
    ]
  }
},
{
  "model": "tesys_tagboard.post",
  "pk": 20,
  "fields": {
    "uploader": 1,
    "post_date": "2025-11-15T03:35:22.504Z",
    "rating_level": 1,
    "tags": [
      63,
      32,
      61,
      34,
      62,
      60,
      15,
      3
    ]
  }
},
{
  "model": "tesys_tagboard.post",
  "pk": 21,
  "fields": {
    "uploader": 1,
    "post_date": "2025-11-15T03:40:47.118Z",
    "rating_level": 1,
    "tags": [
      64,
      68,
      65,
      66,
      67,
      44,
      15
    ]
  }
},
{
  "model": "tesys_tagboard.post",
  "pk": 22,
  "fields": {
    "uploader": 1,
    "post_date": "2025-11-15T03:44:44.374Z",
    "rating_level": 1,
    "tags": [
      71,
      72,
      58,
      44,
      70,
      69,
      73
    ]
  }
},
{
  "model": "tesys_tagboard.post",
  "pk": 23,
  "fields": {
    "uploader": 1,
    "post_date": "2025-11-15T03:47:57.052Z",
    "rating_level": 1,
    "tags": [
      74,
      65,
      44,
      62,
      24,
      60,
      17,
      15,
      33
    ]
  }
},
{
  "model": "tesys_tagboard.post",
  "pk": 24,
  "fields": {
    "uploader": 1,
    "post_date": "2025-11-15T03:51:15.750Z",
    "rating_level": 1,
    "tags": [
      77,
      44,
      75,
      78,
      17,
      15,
      76
    ]
  }
},
{
  "model": "tesys_tagboard.post",
  "pk": 25,
  "fields": {
    "uploader": 1,
    "post_date": "2025-11-15T04:06:45.370Z",
    "rating_level": 1,
    "tags": [
      32,
      65,
      44,
      80,
      17,
      15
    ]
  }
},
{
  "model": "tesys_tagboard.post",
  "pk": 26,
  "fields": {
    "uploader": 1,
    "post_date": "2025-11-15T04:09:23.487Z",
    "rating_level": 1,
    "tags": [
      5,
      65,
      79,
      44,
      15
    ]
  }
},
{
  "model": "tesys_tagboard.post",
  "pk": 27,
  "fields": {
    "uploader": 1,
    "post_date": "2025-11-15T04:15:56.399Z",
    "rating_level": 1,
    "tags": [
      55,
      82,
      83,
      84,
      15
    ]
  }
},
{
  "model": "tesys_tagboard.post",
  "pk": 28,
  "fields": {
    "uploader": 1,
    "post_date": "2025-11-15T04:18:30.912Z",
    "rating_level": 1,
    "tags": [
      55,
      88,
      4,
      87,
      86,
      39,
      15
    ]
  }
},
{
  "model": "tesys_tagboard.post",
  "pk": 29,
  "fields": {
    "uploader": 1,
    "post_date": "2025-11-15T04:21:25.499Z",
    "rating_level": 1,
    "tags": [
      55,
      89,
      88,
      4,
      2,
      39,
      90,
      15
    ]
  }
},
{
  "model": "tesys_tagboard.post",
  "pk": 30,
  "fields": {
    "uploader": 1,
    "post_date": "2025-11-15T04:28:38.743Z",
    "rating_level": 1,
    "tags": [
      55,
      91,
      84,
      81,
      17,
      15
    ]
  }
},
{
  "model": "tesys_tagboard.post",
  "pk": 31,
  "fields": {
    "uploader": 1,
    "post_date": "2025-11-15T04:32:08.221Z",
    "rating_level": 1,
    "tags": [
      55,
      93,
      87,
      92,
      1,
      15,
      94,
      95,
      3
    ]
  }
},
{
  "model": "tesys_tagboard.post",
  "pk": 32,
  "fields": {
    "uploader": 1,
    "post_date": "2025-11-15T04:50:00.586Z",
    "rating_level": 1,
    "tags": [
      63,
      59,
      20,
      34,
      97,
      62,
      96,
      15
    ]
  }
},
{
  "model": "tesys_tagboard.post",
  "pk": 33,
  "fields": {
    "uploader": 1,
    "post_date": "2025-11-15T04:54:41.124Z",
    "rating_level": 1,
    "tags": [
      16,
      19,
      100,
      74,
      34,
      73,
      62,
      24,
      60,
      99,
      96,
      15,
      101
    ]
  }
},
{
  "model": "tesys_tagboard.post",
  "pk": 34,
  "fields": {
    "uploader": 1,
    "post_date": "2025-11-15T04:57:40.239Z",
    "rating_level": 1,
    "tags": [
      103,
      19,
      32,
      102,
      104,
      22,
      62,
      15,
      101
    ]
  }
},
{
  "model": "users.user",
  "pk": 1,
  "fields": {
    "password": "argon2$argon2id$v=19$m=102400,t=2,p=8$aXd1OHI0dFloYkpXRHhBbktNdk8wUw$9E/WSrhvenhy0qaD/nT2RTQjnzMNszjvxiANDeoQ4s8",
    "last_login": "2025-11-14T19:39:18.461Z",
    "is_superuser": true,
    "username": "admin",
    "email": "tesy-tagboard@example.com",
    "is_staff": true,
    "is_active": true,
    "date_joined": "2025-11-14T19:38:38.835Z",
    "name": "",
    "groups": [],
    "user_permissions": []
  }
}
]
